group_taxid	group_name	kingdom	tax_phylum	tax_class	tax_order	tax_family	tax_genus	tax_species	taxonomy	n_blanks_present	mean_reads_blank	max_reads_blank	sum_reads_all_blanks	min_tier_blank	in_run28_blank	runs_present	prevalence	mean_reads_all_blanks	reads_run28	contamination_class	mean_rpm_blank	max_rpm_blank	std_rpm_blank	lot_batch_runs
85698	Achromobacter xylosoxidans	Bacteria	Pseudomonadota	Betaproteobacteria	Burkholderiales	Alcaligenaceae	Achromobacter	Achromobacter xylosoxidans	Pseudomonadota|Betaproteobacteria|Burkholderiales|Alcaligenaceae|Achromobacter|Achromobacter xylosoxidans	14	32.285714285714285	140	452	1	true	13,15,17,18,20,21,24,25,27,28,29,30,32,33	0.7368421052631579	23.789473684210524	117	REAGENT	141.59320294360353	555.262895624813	179.23143299793844	""
6204	Taenia solium	Eukaryota	Platyhelminthes	Cestoda	Cyclophyllidea	Taeniidae	Taenia	Taenia solium	Platyhelminthes|Cestoda|Cyclophyllidea|Taeniidae|Taenia|Taenia solium	14	2.0	4	28	1	false	13,15,16,18,20,21,22,24,26,27,29,30,31,33	0.7368421052631579	1.4736842105263157	0	REAGENT	16.423958805822476	49.16179145568064	12.724898099804582	""
1269	Micrococcus	Bacteria	Actinomycetota	Actinomycetes	Micrococcales	Micrococcaceae	Micrococcus	""	Actinomycetota|Actinomycetes|Micrococcales|Micrococcaceae|Micrococcus	12	588.5	3477	7062	1	false	13,16,18,20,22,23,24,25,26,27,31,33	0.631578947368421	371.6842105263158	0	REAGENT	8258.64081621525	54489.515019026796	19016.848719687707	""
33882	Microbacterium	Bacteria	Actinomycetota	Actinomycetes	Micrococcales	Microbacteriaceae	Microbacterium	""	Actinomycetota|Actinomycetes|Micrococcales|Microbacteriaceae|Microbacterium	12	27.083333333333332	79	325	2	true	17,20,21,22,23,27,28,29,30,31,32,33	0.631578947368421	17.105263157894736	79	REAGENT	135.80367154602465	374.92110046461744	111.67446051924213	""
29388	Staphylococcus capitis	Bacteria	Bacillota	Bacilli	Bacillales	Staphylococcaceae	Staphylococcus	Staphylococcus capitis	Bacillota|Bacilli|Bacillales|Staphylococcaceae|Staphylococcus|Staphylococcus capitis	12	14.5	72	174	1	false	13,15,16,17,18,20,21,25,26,29,30,33	0.631578947368421	9.157894736842104	0	REAGENT	95.38507888355922	307.9265424126045	82.24580990313633	""
374	Bradyrhizobium	Bacteria	Pseudomonadota	Alphaproteobacteria	Hyphomicrobiales	Nitrobacteraceae	Bradyrhizobium	""	Pseudomonadota|Alphaproteobacteria|Hyphomicrobiales|Nitrobacteraceae|Bradyrhizobium	11	74.0	342	814	2	true	16,17,20,22,27,28,29,30,31,32,33	0.5789473684210527	42.84210526315789	9	REAGENT	305.00827389488967	1184.2638345908924	342.80743773952094	""
1912216	Cutibacterium	Bacteria	Actinomycetota	Actinomycetes	Propionibacteriales	Propionibacteriaceae	Cutibacterium	""	Actinomycetota|Actinomycetes|Propionibacteriales|Propionibacteriaceae|Cutibacterium	10	21.7	132	217	1	false	13,15,16,17,18,21,23,25,30,33	0.5263157894736842	11.421052631578947	0	REAGENT	134.7141914121609	564.5319944231081	162.8892178344883	""
1301	Streptococcus	Bacteria	Bacillota	Bacilli	Lactobacillales	Streptococcaceae	Streptococcus	""	Bacillota|Bacilli|Lactobacillales|Streptococcaceae|Streptococcus	10	7.6	12	76	2	false	17,18,20,23,25,27,29,30,31,33	0.5263157894736842	4.0	0	REAGENT	55.65626280742691	210.18706648917535	56.767642104249006	""
3695485	3695485	Eukaryota	""	""	""	""	""	""	""	10	1.6	3	16	1	true	15,18,20,24,27,28,29,31,32,33	0.5263157894736842	0.8421052631578947	2	REAGENT	10.210794534335324	28.31778215130191	7.148460055751006	""
6181	Schistosoma	Eukaryota	Platyhelminthes	Trematoda	Strigeidida	Schistosomatidae	Schistosoma	""	Platyhelminthes|Trematoda|Strigeidida|Schistosomatidae|Schistosoma	10	1.4	2	14	1	true	13,16,18,20,21,22,25,28,29,32	0.5263157894736842	0.7368421052631579	2	REAGENT	12.212948601348753	26.705122042407734	9.71927849873561	""
3457316	Bradyrhizobium sp. WCU1	Bacteria	Pseudomonadota	Alphaproteobacteria	Hyphomicrobiales	Nitrobacteraceae	Bradyrhizobium	Bradyrhizobium sp. WCU1	Pseudomonadota|Alphaproteobacteria|Hyphomicrobiales|Nitrobacteraceae|Bradyrhizobium|Bradyrhizobium sp. WCU1	9	20.77777777777778	40	187	2	true	20,23,27,28,29,30,31,32,33	0.47368421052631576	9.842105263157894	40	REAGENT	99.866586551956	189.8334685896797	57.947110658027405	""
161879	Corynebacterium kroppenstedtii	Bacteria	Actinomycetota	Actinomycetes	Mycobacteriales	Corynebacteriaceae	Corynebacterium	Corynebacterium kroppenstedtii	Actinomycetota|Actinomycetes|Mycobacteriales|Corynebacteriaceae|Corynebacterium|Corynebacterium kroppenstedtii	8	29.5	175	236	1	false	13,15,17,18,21,29,30,33	0.42105263157894735	12.421052631578947	0	REAGENT	167.0863029485683	748.4325683639693	254.05637042271593	""
48736	Ralstonia	Bacteria	Pseudomonadota	Betaproteobacteria	Burkholderiales	Burkholderiaceae	Ralstonia	""	Pseudomonadota|Betaproteobacteria|Burkholderiales|Burkholderiaceae|Ralstonia	7	16.285714285714285	28	114	1	false	22,23,29,30,31,32,33	0.3684210526315789	6.0	0	REAGENT	121.50175352740955	344.13254018976454	118.99679134326155	""
57493	Kocuria	Bacteria	Actinomycetota	Actinomycetes	Micrococcales	Micrococcaceae	Kocuria	""	Actinomycetota|Actinomycetes|Micrococcales|Micrococcaceae|Kocuria	7	3.857142857142857	5	27	2	false	15,16,17,18,22,31,33	0.3684210526315789	1.4210526315789473	0	REAGENT	37.438907866178106	70.06235549639179	19.131386492828355	""
265	Paracoccus	Bacteria	Pseudomonadota	Alphaproteobacteria	Rhodobacterales	Paracoccaceae	Paracoccus	""	Pseudomonadota|Alphaproteobacteria|Rhodobacterales|Paracoccaceae|Paracoccus	7	3.7142857142857144	6	26	1	false	15,17,22,24,29,31,32	0.3684210526315789	1.3684210526315788	0	REAGENT	33.07291974435774	70.79445537825477	22.319670916150116	""
134537	Paraburkholderia fungorum	Bacteria	Pseudomonadota	Betaproteobacteria	Burkholderiales	Burkholderiaceae	Paraburkholderia	Paraburkholderia fungorum	Pseudomonadota|Betaproteobacteria|Burkholderiales|Burkholderiaceae|Paraburkholderia|Paraburkholderia fungorum	6	52.166666666666664	100	313	1	false	22,29,30,31,32,33	0.3157894736842105	16.473684210526315	0	REAGENT	208.65155814477683	346.2759750265767	99.8903045119226	""
3122075	Ralstonia sp. RRA	Bacteria	Pseudomonadota	Betaproteobacteria	Burkholderiales	Burkholderiaceae	Ralstonia	Ralstonia sp. RRA	Pseudomonadota|Betaproteobacteria|Burkholderiales|Burkholderiaceae|Ralstonia|Ralstonia sp. RRA	6	20.166666666666668	45	121	1	false	22,29,30,31,32,33	0.3157894736842105	6.368421052631579	0	REAGENT	79.97536863331122	155.8241887619595	45.22541904602178	""
80866	Delftia acidovorans	Bacteria	Pseudomonadota	Betaproteobacteria	Burkholderiales	Comamonadaceae	Delftia	Delftia acidovorans	Pseudomonadota|Betaproteobacteria|Burkholderiales|Comamonadaceae|Delftia|Delftia acidovorans	6	18.833333333333332	32	113	1	true	27,28,29,30,31,33	0.3157894736842105	5.947368421052631	32	REAGENT	75.96802288811837	151.86677487174376	46.07459532081684	""
863372	Herbaspirillum huttiense	Bacteria	Pseudomonadota	Betaproteobacteria	Burkholderiales	Oxalobacteraceae	Herbaspirillum	Herbaspirillum huttiense	Pseudomonadota|Betaproteobacteria|Burkholderiales|Oxalobacteraceae|Herbaspirillum|Herbaspirillum huttiense	6	15.5	61	93	1	false	22,23,29,30,31,33	0.3157894736842105	4.894736842105263	0	REAGENT	182.32892916376406	749.7173196991298	299.454841249863	""
40214	Acinetobacter johnsonii	Bacteria	Pseudomonadota	Gammaproteobacteria	Moraxellales	Moraxellaceae	Acinetobacter	Acinetobacter johnsonii	Pseudomonadota|Gammaproteobacteria|Moraxellales|Moraxellaceae|Acinetobacter|Acinetobacter johnsonii	6	7.166666666666667	20	43	1	false	17,23,24,25,29,33	0.3157894736842105	2.263157894736842	0	REAGENT	54.95244092248182	160.84799060647734	55.93632188193765	""
570	Klebsiella	Bacteria	Pseudomonadota	Gammaproteobacteria	Enterobacterales	Enterobacteriaceae	Klebsiella	""	Pseudomonadota|Gammaproteobacteria|Enterobacterales|Enterobacteriaceae|Klebsiella	6	3.6666666666666665	5	22	2	false	13,15,21,22,29,31	0.3157894736842105	1.1578947368421053	0	REAGENT	34.26270206602459	70.79445537825477	22.914708548385175	""
33011	Cutibacterium granulosum	Bacteria	Actinomycetota	Actinomycetes	Propionibacteriales	Propionibacteriaceae	Cutibacterium	Cutibacterium granulosum	Actinomycetota|Actinomycetes|Propionibacteriales|Propionibacteriaceae|Cutibacterium|Cutibacterium granulosum	6	3.5	6	21	1	true	17,18,20,25,28,30	0.3157894736842105	1.1052631578947367	3	REAGENT	32.19060638133087	105.09353324458768	37.47292845382083	""
488447	Burkholderia contaminans	Bacteria	Pseudomonadota	Betaproteobacteria	Burkholderiales	Burkholderiaceae	Burkholderia	Burkholderia contaminans	Pseudomonadota|Betaproteobacteria|Burkholderiales|Burkholderiaceae|Burkholderia|Burkholderia contaminans	5	1572.4	3558	7862	1	false	29,30,31,32,33	0.2631578947368421	413.7894736842105	0	REAGENT	6043.764592549384	12320.499191445597	3541.6360943685136	29,30,31,32,33
32008	Burkholderia	Bacteria	Pseudomonadota	Betaproteobacteria	Burkholderiales	Burkholderiaceae	Burkholderia	""	Pseudomonadota|Betaproteobacteria|Burkholderiales|Burkholderiaceae|Burkholderia	5	1455.8	3270	7279	1	false	29,30,31,32,33	0.2631578947368421	383.10526315789474	0	REAGENT	5599.775224683629	11323.224383369057	3211.7773698910237	29,30,31,32,33
1270	Micrococcus luteus	Bacteria	Actinomycetota	Actinomycetes	Micrococcales	Micrococcaceae	Micrococcus	Micrococcus luteus	Actinomycetota|Actinomycetes|Micrococcales|Micrococcaceae|Micrococcus|Micrococcus luteus	5	195.0	492	975	1	false	20,22,23,26,33	0.2631578947368421	51.315789473684205	0	REAGENT	2766.7556105608073	7966.9662375516145	3831.134937025777	""
1822464	Paraburkholderia	Bacteria	Pseudomonadota	Betaproteobacteria	Burkholderiales	Burkholderiaceae	Paraburkholderia	""	Pseudomonadota|Betaproteobacteria|Burkholderiales|Burkholderiaceae|Paraburkholderia	5	78.6	162	393	1	false	29,30,31,32,33	0.2631578947368421	20.684210526315788	0	REAGENT	306.89201958035557	560.9670795430542	147.2970312786228	29,30,31,32,33
379	Rhizobium	Bacteria	Pseudomonadota	Alphaproteobacteria	Hyphomicrobiales	Rhizobiaceae	Rhizobium	""	Pseudomonadota|Alphaproteobacteria|Hyphomicrobiales|Rhizobiaceae|Rhizobium	5	75.4	149	377	2	false	29,30,31,32,33	0.2631578947368421	19.842105263157894	0	REAGENT	292.9842536455858	515.9512027895993	129.55230622690794	""
3344828	Bradyrhizobium sp. ma5	Bacteria	Pseudomonadota	Alphaproteobacteria	Hyphomicrobiales	Nitrobacteraceae	Bradyrhizobium	Bradyrhizobium sp. ma5	Pseudomonadota|Alphaproteobacteria|Hyphomicrobiales|Nitrobacteraceae|Bradyrhizobium|Bradyrhizobium sp. ma5	5	59.6	131	298	2	false	29,30,31,32,33	0.2631578947368421	15.68421052631579	0	REAGENT	227.24196220873856	453.62152728481544	129.749055489075	""
1933044	Edaphobacter flagellatus	Bacteria	Acidobacteriota	Terriglobia	Terriglobales	Acidobacteriaceae	Edaphobacter	Edaphobacter flagellatus	Acidobacteriota|Terriglobia|Terriglobales|Acidobacteriaceae|Edaphobacter|Edaphobacter flagellatus	5	45.6	74	228	2	false	29,30,31,32,33	0.2631578947368421	12.0	0	REAGENT	179.11977000705448	256.2442215196667	62.41545412818871	""
2057741	Bradyrhizobium sp. SK17	Bacteria	Pseudomonadota	Alphaproteobacteria	Hyphomicrobiales	Nitrobacteraceae	Bradyrhizobium	Bradyrhizobium sp. SK17	Pseudomonadota|Alphaproteobacteria|Hyphomicrobiales|Nitrobacteraceae|Bradyrhizobium|Bradyrhizobium sp. SK17	5	31.4	64	157	2	false	29,30,31,32,33	0.2631578947368421	8.263157894736842	0	REAGENT	120.34996086377154	221.61662401700906	59.2937085042264	""
423349	Mucilaginibacter	Bacteria	Bacteroidota	Sphingobacteriia	Sphingobacteriales	Sphingobacteriaceae	Mucilaginibacter	""	Bacteroidota|Sphingobacteriia|Sphingobacteriales|Sphingobacteriaceae|Mucilaginibacter	5	27.8	60	139	2	false	29,30,31,32,33	0.2631578947368421	7.31578947368421	0	REAGENT	108.14410893789272	207.76558501594602	59.97335351591625	""
3402687	Mucilaginibacter sp. NFX135	Bacteria	Bacteroidota	Sphingobacteriia	Sphingobacteriales	Sphingobacteriaceae	Mucilaginibacter	Mucilaginibacter sp. NFX135	Bacteroidota|Sphingobacteriia|Sphingobacteriales|Sphingobacteriaceae|Mucilaginibacter|Mucilaginibacter sp. NFX135	5	22.2	42	111	2	false	29,30,31,32,33	0.2631578947368421	5.842105263157895	0	REAGENT	85.34764091433118	145.4359095111622	33.74624681893829	""
2027860	Mucilaginibacter rubeus	Bacteria	Bacteroidota	Sphingobacteriia	Sphingobacteriales	Sphingobacteriaceae	Mucilaginibacter	Mucilaginibacter rubeus	Bacteroidota|Sphingobacteriia|Sphingobacteriales|Sphingobacteriaceae|Mucilaginibacter|Mucilaginibacter rubeus	5	12.8	24	64	2	false	29,30,31,32,33	0.2631578947368421	3.3684210526315788	0	REAGENT	51.04455008338273	83.1062340063784	21.718960501521895	""
75	Caulobacter	Bacteria	Pseudomonadota	Alphaproteobacteria	Caulobacterales	Caulobacteraceae	Caulobacter	""	Pseudomonadota|Alphaproteobacteria|Caulobacterales|Caulobacteraceae|Caulobacter	5	10.6	18	53	2	false	29,30,31,32,33	0.2631578947368421	2.789473684210526	0	REAGENT	39.36878138266766	62.3296755047838	16.56060862370414	""
407	Methylobacterium	Bacteria	Pseudomonadota	Alphaproteobacteria	Hyphomicrobiales	Methylobacteriaceae	Methylobacterium	""	Pseudomonadota|Alphaproteobacteria|Hyphomicrobiales|Methylobacteriaceae|Methylobacterium	5	8.4	16	42	2	true	26,28,29,32,33	0.2631578947368421	2.2105263157894735	11	REAGENT	33.1461833017372	52.20420386216192	15.764843016425921	""
1574624	Cutibacterium namnetense	Bacteria	Actinomycetota	Actinomycetes	Propionibacteriales	Propionibacteriaceae	Cutibacterium	Cutibacterium namnetense	Actinomycetota|Actinomycetes|Propionibacteriales|Propionibacteriaceae|Cutibacterium|Cutibacterium namnetense	5	7.8	18	39	2	false	13,18,29,30,33	0.2631578947368421	2.052631578947368	0	REAGENT	35.03227240944026	76.98163560315112	24.34162149027931	""
1274	Dermacoccus nishinomiyaensis	Bacteria	Actinomycetota	Actinomycetes	Micrococcales	Dermacoccaceae	Dermacoccus	Dermacoccus nishinomiyaensis	Actinomycetota|Actinomycetes|Micrococcales|Dermacoccaceae|Dermacoccus|Dermacoccus nishinomiyaensis	5	7.6	22	38	2	true	15,17,18,28,33	0.2631578947368421	2.0	7	REAGENT	44.219206202683935	76.18071450584686	22.21367238830373	""
338	Xanthomonas	Bacteria	Pseudomonadota	Gammaproteobacteria	Lysobacterales	Lysobacteraceae	Xanthomonas	""	Pseudomonadota|Gammaproteobacteria|Lysobacterales|Lysobacteraceae|Xanthomonas	5	5.4	7	27	2	false	17,18,29,32,33	0.2631578947368421	1.4210526315789473	0	REAGENT	39.85003157138195	105.09353324458768	38.02157550728119	""
3382192	Rhizobium sp. SYY.PMSO	Bacteria	Pseudomonadota	Alphaproteobacteria	Hyphomicrobiales	Rhizobiaceae	Rhizobium	Rhizobium sp. SYY.PMSO	Pseudomonadota|Alphaproteobacteria|Hyphomicrobiales|Rhizobiaceae|Rhizobium|Rhizobium sp. SYY.PMSO	5	5.2	8	26	2	false	29,30,31,32,33	0.2631578947368421	1.3684210526315788	0	REAGENT	22.39085304958988	38.7756585803262	11.034810992481601	""
1290	Staphylococcus hominis	Bacteria	Bacillota	Bacilli	Bacillales	Staphylococcaceae	Staphylococcus	Staphylococcus hominis	Bacillota|Bacilli|Bacillales|Staphylococcaceae|Staphylococcus|Staphylococcus hominis	5	4.2	6	21	1	false	17,18,21,25,30	0.2631578947368421	1.1052631578947367	0	REAGENT	35.46587131626257	105.09353324458768	39.07509134779907	""
2487072	Epilithonimonas vandammei	Bacteria	Bacteroidota	Flavobacteriia	Flavobacteriales	Weeksellaceae	Epilithonimonas	Epilithonimonas vandammei	Bacteroidota|Flavobacteriia|Flavobacteriales|Weeksellaceae|Epilithonimonas|Epilithonimonas vandammei	5	4.0	5	20	2	false	17,18,29,31,33	0.2631578947368421	1.0526315789473684	0	REAGENT	24.84988347274409	52.54676662229384	16.458085485419872	""
564369	Luteibacter anthropi	Bacteria	Pseudomonadota	Gammaproteobacteria	Lysobacterales	Rhodanobacteraceae	Luteibacter	Luteibacter anthropi	Pseudomonadota|Gammaproteobacteria|Lysobacterales|Rhodanobacteraceae|Luteibacter|Luteibacter anthropi	4	51.75	174	207	1	false	18,22,23,24	0.21052631578947367	10.894736842105262	0	REAGENT	654.7582753409205	2138.537928322108	1008.4349637729795	""
2571115	Pseudoxanthomonas sp. X-1	Bacteria	Pseudomonadota	Gammaproteobacteria	Lysobacterales	Lysobacteraceae	Pseudoxanthomonas	Pseudoxanthomonas sp. X-1	Pseudomonadota|Gammaproteobacteria|Lysobacterales|Lysobacteraceae|Pseudoxanthomonas|Pseudoxanthomonas sp. X-1	4	9.5	12	38	1	false	29,30,31,33	0.21052631578947367	2.0	0	REAGENT	37.326422542422016	48.46957322540775	11.786597971552965	""
13687	Sphingomonas	Bacteria	Pseudomonadota	Alphaproteobacteria	Sphingomonadales	Sphingomonadaceae	Sphingomonas	""	Pseudomonadota|Alphaproteobacteria|Sphingomonadales|Sphingomonadaceae|Sphingomonas	4	8.75	11	35	2	false	30,31,32,33	0.21052631578947367	1.8421052631578947	0	REAGENT	38.13158288711024	51.14017009220573	9.424641622733919	""
29321	Corynebacterium otitidis	Bacteria	Actinomycetota	Actinomycetes	Mycobacteriales	Corynebacteriaceae	Corynebacterium	Corynebacterium otitidis	Actinomycetota|Actinomycetes|Mycobacteriales|Corynebacteriaceae|Corynebacterium|Corynebacterium otitidis	4	7.75	11	31	2	false	15,17,30,33	0.21052631578947367	1.631578947368421	0	REAGENT	64.74864985525926	99.1122375295567	33.39190805989914	""
2725666	Terribium terrae	Bacteria	Pseudomonadota	Alphaproteobacteria	Hyphomicrobiales	Phyllobacteriaceae	Terribium	Terribium terrae	Pseudomonadota|Alphaproteobacteria|Hyphomicrobiales|Phyllobacteriaceae|Terribium|Terribium terrae	4	7.25	10	29	2	true	27,28,29,30	0.21052631578947367	1.526315789473684	9	REAGENT	30.0076465299679	42.767575335083954	14.834719020936339	""
482957	Burkholderia lata	Bacteria	Pseudomonadota	Betaproteobacteria	Burkholderiales	Burkholderiaceae	Burkholderia	Burkholderia lata	Pseudomonadota|Betaproteobacteria|Burkholderiales|Burkholderiaceae|Burkholderia|Burkholderia lata	4	6.25	14	25	1	false	29,30,32,33	0.21052631578947367	1.3157894736842104	0	REAGENT	22.6663148318195	48.478636503720736	17.444797122054965	""
68287	Mesorhizobium	Bacteria	Pseudomonadota	Alphaproteobacteria	Hyphomicrobiales	Phyllobacteriaceae	Mesorhizobium	""	Pseudomonadota|Alphaproteobacteria|Hyphomicrobiales|Phyllobacteriaceae|Mesorhizobium	4	5.75	10	23	2	false	29,31,32,33	0.21052631578947367	1.2105263157894737	0	REAGENT	22.799924772277464	34.627597502657665	9.428040814288224	""
216778	Stenotrophomonas rhizophila	Bacteria	Pseudomonadota	Gammaproteobacteria	Lysobacterales	Lysobacteraceae	Stenotrophomonas	Stenotrophomonas rhizophila	Pseudomonadota|Gammaproteobacteria|Lysobacterales|Lysobacteraceae|Stenotrophomonas|Stenotrophomonas rhizophila	4	5.75	7	23	2	true	27,28,29,30	0.21052631578947367	1.2105263157894737	7	REAGENT	22.704747739442563	33.22085700319395	7.179041112955975	""
47770	Lactobacillus crispatus	Bacteria	Bacillota	Bacilli	Lactobacillales	Lactobacillaceae	Lactobacillus	Lactobacillus crispatus	Bacillota|Bacilli|Lactobacillales|Lactobacillaceae|Lactobacillus|Lactobacillus crispatus	4	4.75	9	19	2	false	20,23,29,33	0.21052631578947367	1.0	0	REAGENT	50.34830726631992	117.32193137970592	51.66356318379301	""
1696	Brevibacterium	Bacteria	Actinomycetota	Actinomycetes	Micrococcales	Brevibacteriaceae	Brevibacterium	""	Actinomycetota|Actinomycetes|Micrococcales|Brevibacteriaceae|Brevibacterium	4	4.5	6	18	2	false	17,18,21,22	0.21052631578947367	0.9473684210526315	0	REAGENT	45.18375049372555	70.06235549639179	18.837055025784736	""
180282	Delftia tsuruhatensis	Bacteria	Pseudomonadota	Betaproteobacteria	Burkholderiales	Comamonadaceae	Delftia	Delftia tsuruhatensis	Pseudomonadota|Betaproteobacteria|Burkholderiales|Comamonadaceae|Delftia|Delftia tsuruhatensis	4	4.0	5	16	2	false	20,25,27,29	0.21052631578947367	0.8421052631578947	0	REAGENT	23.136144950331783	52.14308061320263	19.515421891029465	""
3139142	Pseudomonas bambusae	Bacteria	Pseudomonadota	Gammaproteobacteria	Pseudomonadales	Pseudomonadaceae	Pseudomonas	Pseudomonas bambusae	Pseudomonadota|Gammaproteobacteria|Pseudomonadales|Pseudomonadaceae|Pseudomonas|Pseudomonas bambusae	4	3.5	4	14	2	false	20,21,32,33	0.21052631578947367	0.7368421052631579	0	REAGENT	24.11730405029804	39.107310459901974	11.88158663060742	""
3045147	Acinetobacter corruptisaponis	Bacteria	Pseudomonadota	Gammaproteobacteria	Moraxellales	Moraxellaceae	Acinetobacter	Acinetobacter corruptisaponis	Pseudomonadota|Gammaproteobacteria|Moraxellales|Moraxellaceae|Acinetobacter|Acinetobacter corruptisaponis	4	2.5	4	10	1	false	20,29,31,33	0.21052631578947367	0.5263157894736842	0	REAGENT	12.065013536661203	19.3878292901631	5.505409704795797	""
93681	Roseateles	Bacteria	Pseudomonadota	Betaproteobacteria	Burkholderiales	Sphaerotilaceae	Roseateles	""	Pseudomonadota|Betaproteobacteria|Burkholderiales|Sphaerotilaceae|Roseateles	3	29.333333333333332	66	88	2	false	18,22,23	0.15789473684210525	4.631578947368421	0	REAGENT	374.9573199233816	811.1695590187306	401.04144072119755	""
376175	Caldimonas aquatica	Bacteria	Pseudomonadota	Betaproteobacteria	Burkholderiales	Sphaerotilaceae	Caldimonas	Caldimonas aquatica	Pseudomonadota|Betaproteobacteria|Burkholderiales|Sphaerotilaceae|Caldimonas|Caldimonas aquatica	3	15.0	31	45	2	false	13,15,16	0.15789473684210525	2.3684210526315788	0	REAGENT	181.83978860236164	351.32654102020695	149.881443697772	""
36807	Microbacterium laevaniformans	Bacteria	Actinomycetota	Actinomycetes	Micrococcales	Microbacteriaceae	Microbacterium	Microbacterium laevaniformans	Actinomycetota|Actinomycetes|Micrococcales|Microbacteriaceae|Microbacterium|Microbacterium laevaniformans	3	8.666666666666666	11	26	2	true	28,29,30	0.15789473684210525	1.3684210526315788	10	REAGENT	33.838527963781154	47.45836714741993	13.076276814375833	""
2014534	Microbacterium sp. PM5	Bacteria	Actinomycetota	Actinomycetes	Micrococcales	Microbacteriaceae	Microbacterium	Microbacterium sp. PM5	Actinomycetota|Actinomycetes|Micrococcales|Microbacteriaceae|Microbacterium|Microbacterium sp. PM5	3	6.333333333333333	7	19	2	true	28,29,30	0.15789473684210525	1.0	6	REAGENT	25.41139780943659	29.937302734558767	6.613264107206381	""
359	Rhizobium rhizogenes	Bacteria	Pseudomonadota	Alphaproteobacteria	Hyphomicrobiales	Rhizobiaceae	Rhizobium	Rhizobium rhizogenes	Pseudomonadota|Alphaproteobacteria|Hyphomicrobiales|Rhizobiaceae|Rhizobium|Rhizobium rhizogenes	3	5.0	7	15	2	false	29,31,33	0.15789473684210525	0.7894736842105263	0	REAGENT	17.877249630188405	24.239318251860368	5.511902522457555	""
292	Burkholderia cepacia	Bacteria	Pseudomonadota	Betaproteobacteria	Burkholderiales	Burkholderiaceae	Burkholderia	Burkholderia cepacia	Pseudomonadota|Betaproteobacteria|Burkholderiales|Burkholderiaceae|Burkholderia|Burkholderia cepacia	3	4.666666666666667	7	14	1	false	29,30,33	0.15789473684210525	0.7368421052631579	0	REAGENT	16.316945929750528	24.239318251860368	6.877365035765513	""
3136564	Paraburkholderia sp. IMGN_8	Bacteria	Pseudomonadota	Betaproteobacteria	Burkholderiales	Burkholderiaceae	Paraburkholderia	Paraburkholderia sp. IMGN_8	Pseudomonadota|Betaproteobacteria|Burkholderiales|Burkholderiaceae|Paraburkholderia|Paraburkholderia sp. IMGN_8	3	4.333333333333333	7	13	1	false	30,31,33	0.15789473684210525	0.6842105263157894	0	REAGENT	17.203487606669295	24.239318251860368	6.1529441895352575	""
2795216	Rhizobium sp. AB2/73	Bacteria	Pseudomonadota	Alphaproteobacteria	Hyphomicrobiales	Rhizobiaceae	Rhizobium	Rhizobium sp. AB2/73	Pseudomonadota|Alphaproteobacteria|Hyphomicrobiales|Rhizobiaceae|Rhizobium|Rhizobium sp. AB2/73	3	4.333333333333333	6	13	2	false	30,32,33	0.15789473684210525	0.6842105263157894	0	REAGENT	19.121804552303896	30.684102055323432	10.026242250831846	""
1287737	Achromobacter anxifer	Bacteria	Pseudomonadota	Betaproteobacteria	Burkholderiales	Alcaligenaceae	Achromobacter	Achromobacter anxifer	Pseudomonadota|Betaproteobacteria|Burkholderiales|Alcaligenaceae|Achromobacter|Achromobacter anxifer	3	4.333333333333333	6	13	2	true	28,29,30	0.15789473684210525	0.6842105263157894	6	REAGENT	18.164328541711686	28.475020288451958	9.824803624159028	""
89065	Pseudomonas abietaniphila	Bacteria	Pseudomonadota	Gammaproteobacteria	Pseudomonadales	Pseudomonadaceae	Pseudomonas	Pseudomonas abietaniphila	Pseudomonadota|Gammaproteobacteria|Pseudomonadales|Pseudomonadaceae|Pseudomonas|Pseudomonas abietaniphila	3	4.333333333333333	6	13	2	false	17,18,20	0.15789473684210525	0.6842105263157894	0	REAGENT	50.996471249646895	78.21462091980395	28.025475173405667	""
1389932	Achromobacter pulmonis	Bacteria	Pseudomonadota	Betaproteobacteria	Burkholderiales	Alcaligenaceae	Achromobacter	Achromobacter pulmonis	Pseudomonadota|Betaproteobacteria|Burkholderiales|Alcaligenaceae|Achromobacter|Achromobacter pulmonis	3	4.0	6	12	2	true	27,28,29	0.15789473684210525	0.631578947368421	6	REAGENT	16.401769499905928	28.475020288451958	10.556384891896547	""
507	Alcaligenes	Bacteria	Pseudomonadota	Betaproteobacteria	Burkholderiales	Alcaligenaceae	Alcaligenes	""	Pseudomonadota|Betaproteobacteria|Burkholderiales|Alcaligenaceae|Alcaligenes	3	3.6666666666666665	5	11	2	false	29,30,33	0.15789473684210525	0.5789473684210527	0	REAGENT	13.561000706996266	21.383787667541977	6.814883214825654	""
44008	Enterococcus cecorum	Bacteria	Bacillota	Bacilli	Lactobacillales	Enterococcaceae	Enterococcus	Enterococcus cecorum	Bacillota|Bacilli|Lactobacillales|Enterococcaceae|Enterococcus|Enterococcus cecorum	3	3.6666666666666665	4	11	2	false	16,18,20	0.15789473684210525	0.5789473684210527	0	REAGENT	40.74144811771676	53.41024408481547	20.855228855019764	""
199592	Microbacterium paraoxydans	Bacteria	Actinomycetota	Actinomycetes	Micrococcales	Microbacteriaceae	Microbacterium	Microbacterium paraoxydans	Actinomycetota|Actinomycetes|Micrococcales|Microbacteriaceae|Microbacterium|Microbacterium paraoxydans	3	3.3333333333333335	4	10	2	false	13,23,29	0.15789473684210525	0.5263157894736842	0	REAGENT	31.486550680112032	48.57906242409521	18.47750005025975	""
2004710	Cloacibacterium caeni	Bacteria	Bacteroidota	Flavobacteriia	Flavobacteriales	Weeksellaceae	Cloacibacterium	Cloacibacterium caeni	Bacteroidota|Flavobacteriia|Flavobacteriales|Weeksellaceae|Cloacibacterium|Cloacibacterium caeni	3	3.3333333333333335	4	10	2	false	13,16,25	0.15789473684210525	0.5263157894736842	0	REAGENT	32.40012997880352	53.41024408481547	21.853649977248615	""
3445672	Microbacterium sp. CJ88	Bacteria	Actinomycetota	Actinomycetes	Micrococcales	Microbacteriaceae	Microbacterium	Microbacterium sp. CJ88	Actinomycetota|Actinomycetes|Micrococcales|Microbacteriaceae|Microbacterium|Microbacterium sp. CJ88	3	7.666666666666667	13	23	2	true	28,29,30	0.15789473684210525	1.2105263157894737	13	RUN_BATCH	32.20825927699284	61.6958772916459	25.53952742880973	""
72557	Achromobacter ruhlandii	Bacteria	Pseudomonadota	Betaproteobacteria	Burkholderiales	Alcaligenaceae	Achromobacter	Achromobacter ruhlandii	Pseudomonadota|Betaproteobacteria|Burkholderiales|Alcaligenaceae|Achromobacter|Achromobacter ruhlandii	2	5.0	6	10	2	true	28,29	0.10526315789473684	0.5263157894736842	6	RUN_BATCH	20.17813361265899	28.475020288451958	11.733569662379038	""
217203	Achromobacter spanius	Bacteria	Pseudomonadota	Betaproteobacteria	Burkholderiales	Alcaligenaceae	Achromobacter	Achromobacter spanius	Pseudomonadota|Betaproteobacteria|Burkholderiales|Alcaligenaceae|Achromobacter|Achromobacter spanius	2	5.0	7	10	2	true	28,30	0.10526315789473684	0.5263157894736842	7	RUN_BATCH	23.025564801859566	33.22085700319395	14.418320503483729	""
666	Vibrio cholerae	Bacteria	Pseudomonadota	Gammaproteobacteria	Vibrionales	Vibrionaceae	Vibrio	Vibrio cholerae	Pseudomonadota|Gammaproteobacteria|Vibrionales|Vibrionaceae|Vibrio|Vibrio cholerae	1	4.0	4	4	2	true	28	0.05263157894736842	0.21052631578947367	4	RUN_BATCH	18.98334685896797	18.98334685896797		""
1296	Mammaliicoccus sciuri	Bacteria	Bacillota	Bacilli	Bacillales	Staphylococcaceae	Mammaliicoccus	Mammaliicoccus sciuri	Bacillota|Bacilli|Bacillales|Staphylococcaceae|Mammaliicoccus|Mammaliicoccus sciuri	1	3.0	3	3	2	true	28	0.05263157894736842	0.15789473684210525	3	RUN_BATCH	14.237510144225979	14.237510144225979		""
3060174	Lymphocryptovirus macacinegamma13	Viruses	Peploviricota	Herviviricetes	Herpesvirales	Orthoherpesviridae	Lymphocryptovirus	Lymphocryptovirus macacinegamma13	Peploviricota|Herviviricetes|Herpesvirales|Orthoherpesviridae|Lymphocryptovirus|Lymphocryptovirus macacinegamma13	1	3.0	3	3	2	true	28	0.05263157894736842	0.15789473684210525	3	RUN_BATCH	14.237510144225979	14.237510144225979		""
152500	Burkholderia dolosa	Bacteria	Pseudomonadota	Betaproteobacteria	Burkholderiales	Burkholderiaceae	Burkholderia	Burkholderia dolosa	Pseudomonadota|Betaproteobacteria|Burkholderiales|Burkholderiaceae|Burkholderia|Burkholderia dolosa	1	3.0	3	3	2	true	28	0.05263157894736842	0.15789473684210525	3	RUN_BATCH	14.237510144225979	14.237510144225979		""
3047478	Achromobacter seleniivolatilans	Bacteria	Pseudomonadota	Betaproteobacteria	Burkholderiales	Alcaligenaceae	Achromobacter	Achromobacter seleniivolatilans	Pseudomonadota|Betaproteobacteria|Burkholderiales|Alcaligenaceae|Achromobacter|Achromobacter seleniivolatilans	1	1.0	1	1	1	true	28	0.05263157894736842	0.05263157894736842	1	RUN_BATCH	4.745836714741992	4.745836714741992		""
5052	Aspergillus	Eukaryota	Ascomycota	Eurotiomycetes	Eurotiales	Aspergillaceae	Aspergillus	""	Ascomycota|Eurotiomycetes|Eurotiales|Aspergillaceae|Aspergillus	1	1.0	1	1	1	true	28	0.05263157894736842	0.05263157894736842	1	RUN_BATCH	4.745836714741992	4.745836714741992		""
6185	Schistosoma haematobium	Eukaryota	Platyhelminthes	Trematoda	Strigeidida	Schistosomatidae	Schistosoma	Schistosoma haematobium	Platyhelminthes|Trematoda|Strigeidida|Schistosomatidae|Schistosoma|Schistosoma haematobium	1	1.0	1	1	1	true	28	0.05263157894736842	0.05263157894736842	1	RUN_BATCH	4.745836714741992	4.745836714741992		""
566027	Micrococcus yunnanensis	Bacteria	Actinomycetota	Actinomycetes	Micrococcales	Micrococcaceae	Micrococcus	Micrococcus yunnanensis	Actinomycetota|Actinomycetes|Micrococcales|Micrococcaceae|Micrococcus|Micrococcus yunnanensis	2	46.5	49	93	1	false	22,23	0.10526315789473684	4.894736842105263	0	SPORADIC	667.1188628030211	793.4580195935553	178.6705489919543	""
1179670	Micrococcus sp. KBS0714	Bacteria	Actinomycetota	Actinomycetes	Micrococcales	Micrococcaceae	Micrococcus	Micrococcus sp. KBS0714	Actinomycetota|Actinomycetes|Micrococcales|Micrococcaceae|Micrococcus|Micrococcus sp. KBS0714	2	15.5	16	31	2	false	22,23	0.10526315789473684	1.631578947368421	0	SPORADIC	221.72252544365512	259.08833292850784	52.84323171410082	""
244734	Bradyrhizobium betae	Bacteria	Pseudomonadota	Alphaproteobacteria	Hyphomicrobiales	Nitrobacteraceae	Bradyrhizobium	Bradyrhizobium betae	Pseudomonadota|Alphaproteobacteria|Hyphomicrobiales|Nitrobacteraceae|Bradyrhizobium|Bradyrhizobium betae	2	9.0	13	18	1	false	30,33	0.10526315789473684	0.9473684210526315	0	SPORADIC	33.19983221049847	45.01587675345497	16.71041044625368	""
2804917	Corynebacterium pseudokroppenstedtii	Bacteria	Actinomycetota	Actinomycetes	Mycobacteriales	Corynebacteriaceae	Corynebacterium	Corynebacterium pseudokroppenstedtii	Actinomycetota|Actinomycetes|Mycobacteriales|Corynebacteriaceae|Corynebacterium|Corynebacterium pseudokroppenstedtii	2	9.0	14	18	1	false	13,30	0.10526315789473684	0.9473684210526315	0	SPORADIC	52.60353118747534	59.87460546911753	10.282851862120596	""
2754694	Chryseobacterium manosquense	Bacteria	Bacteroidota	Flavobacteriia	Flavobacteriales	Weeksellaceae	Chryseobacterium	Chryseobacterium manosquense	Bacteroidota|Flavobacteriia|Flavobacteriales|Weeksellaceae|Chryseobacterium|Chryseobacterium manosquense	2	8.0	14	16	1	false	17,33	0.10526315789473684	0.8421052631578947	0	SPORADIC	41.75490712595831	48.478636503720736	9.50878927575803	""
68569	Sphingomonas leidyi	Bacteria	Pseudomonadota	Alphaproteobacteria	Sphingomonadales	Sphingomonadaceae	Sphingomonas	Sphingomonas leidyi	Pseudomonadota|Alphaproteobacteria|Sphingomonadales|Sphingomonadaceae|Sphingomonas|Sphingomonas leidyi	2	6.5	10	13	2	false	16,22	0.10526315789473684	0.6842105263157894	0	SPORADIC	81.4810808514066	122.90447863920161	58.581530951075365	""
256821	Gulosibacter molinativorax	Bacteria	Actinomycetota	Actinomycetes	Micrococcales	Microbacteriaceae	Gulosibacter	Gulosibacter molinativorax	Actinomycetota|Actinomycetes|Micrococcales|Microbacteriaceae|Gulosibacter|Gulosibacter molinativorax	2	6.0	7	12	2	false	22,23	0.10526315789473684	0.631578947368421	0	SPORADIC	87.40169248791149	113.35114565622217	36.69806860679045	""
3140245	Bradyrhizobium sp. B124	Bacteria	Pseudomonadota	Alphaproteobacteria	Hyphomicrobiales	Nitrobacteraceae	Bradyrhizobium	Bradyrhizobium sp. B124	Pseudomonadota|Alphaproteobacteria|Hyphomicrobiales|Nitrobacteraceae|Bradyrhizobium|Bradyrhizobium sp. B124	2	6.0	6	12	2	false	29,33	0.10526315789473684	0.631578947368421	0	SPORADIC	19.299214453446815	20.7765585015946	2.0892799891817666	""
936902	Micrococcus sp. MG-2010-D12	Bacteria	Actinomycetota	Actinomycetes	Micrococcales	Micrococcaceae	Micrococcus	Micrococcus sp. MG-2010-D12	Actinomycetota|Actinomycetes|Micrococcales|Micrococcaceae|Micrococcus|Micrococcus sp. MG-2010-D12	2	6.0	7	12	3	false	22,23	0.10526315789473684	0.631578947368421	0	SPORADIC	87.40169248791149	113.35114565622217	36.69806860679045	""
3410088	Bradyrhizobium sp. B120	Bacteria	Pseudomonadota	Alphaproteobacteria	Hyphomicrobiales	Nitrobacteraceae	Bradyrhizobium	Bradyrhizobium sp. B120	Pseudomonadota|Alphaproteobacteria|Hyphomicrobiales|Nitrobacteraceae|Bradyrhizobium|Bradyrhizobium sp. B120	2	6.0	8	12	2	false	30,33	0.10526315789473684	0.631578947368421	0	SPORADIC	22.404554068079857	27.702078002126132	7.491830194524315	""
1833	Rhodococcus erythropolis	Bacteria	Actinomycetota	Actinomycetes	Mycobacteriales	Nocardiaceae	Rhodococcus	Rhodococcus erythropolis	Actinomycetota|Actinomycetes|Mycobacteriales|Nocardiaceae|Rhodococcus|Rhodococcus erythropolis	2	5.5	8	11	2	false	16,33	0.10526315789473684	0.5789473684210527	0	SPORADIC	33.87988053286887	40.0576830636116	8.736732124639204	""
1231063	Microbacterium gorillae	Bacteria	Actinomycetota	Actinomycetes	Micrococcales	Microbacteriaceae	Microbacterium	Microbacterium gorillae	Actinomycetota|Actinomycetes|Micrococcales|Microbacteriaceae|Microbacterium|Microbacterium gorillae	2	5.5	6	11	2	false	22,23	0.10526315789473684	0.5789473684210527	0	SPORADIC	79.30518208389562	97.15812484819043	25.247873785536335	""
33028	Staphylococcus saccharolyticus	Bacteria	Bacillota	Bacilli	Bacillales	Staphylococcaceae	Staphylococcus	Staphylococcus saccharolyticus	Bacillota|Bacilli|Bacillales|Staphylococcaceae|Staphylococcus|Staphylococcus saccharolyticus	2	5.5	6	11	1	true	28,33	0.10526315789473684	0.5789473684210527	5	SPORADIC	22.252871037652284	23.729183573709964	2.087821210794194	""
1353891	Achromobacter deleyi	Bacteria	Pseudomonadota	Betaproteobacteria	Burkholderiales	Alcaligenaceae	Achromobacter	Achromobacter deleyi	Pseudomonadota|Betaproteobacteria|Burkholderiales|Alcaligenaceae|Achromobacter|Achromobacter deleyi	2	5.5	6	11	3	true	28,29	0.10526315789473684	0.5789473684210527	5	SPORADIC	20.7755269895045	23.729183573709964	4.177101199975958	""
68895	Cupriavidus basilensis	Bacteria	Pseudomonadota	Betaproteobacteria	Burkholderiales	Burkholderiaceae	Cupriavidus	Cupriavidus basilensis	Pseudomonadota|Betaproteobacteria|Burkholderiales|Burkholderiaceae|Cupriavidus|Cupriavidus basilensis	2	5.0	6	10	2	false	31,33	0.10526315789473684	0.5263157894736842	0	SPORADIC	21.46639146815386	29.08174393524465	10.769734741211208	""
28037	Streptococcus mitis	Bacteria	Bacillota	Bacilli	Lactobacillales	Streptococcaceae	Streptococcus	Streptococcus mitis	Bacillota|Bacilli|Lactobacillales|Streptococcaceae|Streptococcus|Streptococcus mitis	2	5.0	6	10	2	false	29,33	0.10526315789473684	0.5263157894736842	0	SPORADIC	15.836454703181051	17.821870405299034	2.8078018128837545	""
87883	Burkholderia multivorans	Bacteria	Pseudomonadota	Betaproteobacteria	Burkholderiales	Burkholderiaceae	Burkholderia	Burkholderia multivorans	Pseudomonadota|Betaproteobacteria|Burkholderiales|Burkholderiaceae|Burkholderia|Burkholderia multivorans	2	5.0	7	10	2	false	31,33	0.10526315789473684	0.5263157894736842	0	SPORADIC	19.390095109741345	24.239318251860368	6.857837134558196	""
1872431	Algiphilus sp.	Bacteria	Pseudomonadota	Gammaproteobacteria	Nevskiales	Algiphilaceae	Algiphilus	Algiphilus sp.	Pseudomonadota|Gammaproteobacteria|Nevskiales|Algiphilaceae|Algiphilus|Algiphilus sp.	2	4.5	6	9	2	false	29,33	0.10526315789473684	0.47368421052631576	0	SPORADIC	14.84374685212206	20.7765585015946	8.39026269768916	""
475	Moraxella	Bacteria	Pseudomonadota	Gammaproteobacteria	Moraxellales	Moraxellaceae	Moraxella	""	Pseudomonadota|Gammaproteobacteria|Moraxellales|Moraxellaceae|Moraxella	2	4.5	6	9	2	false	13,33	0.10526315789473684	0.47368421052631576	0	SPORADIC	27.38795059048473	33.99934267937486	9.34992035827461	""
1761016	Paraburkholderia caffeinilytica	Bacteria	Pseudomonadota	Betaproteobacteria	Burkholderiales	Burkholderiaceae	Paraburkholderia	Paraburkholderia caffeinilytica	Pseudomonadota|Betaproteobacteria|Burkholderiales|Burkholderiaceae|Paraburkholderia|Paraburkholderia caffeinilytica	2	4.5	5	9	2	false	30,33	0.10526315789473684	0.47368421052631576	0	SPORADIC	17.210414442681206	17.313798751328832	0.14620749142603848	""
83262	Mycobacteroides immunogenum	Bacteria	Actinomycetota	Actinomycetes	Mycobacteriales	Mycobacteriaceae	Mycobacteroides	Mycobacteroides immunogenum	Actinomycetota|Actinomycetes|Mycobacteriales|Mycobacteriaceae|Mycobacteroides|Mycobacteroides immunogenum	2	4.5	6	9	2	false	29,31	0.10526315789473684	0.47368421052631576	0	SPORADIC	18.996339568947082	29.08174393524465	14.262915636834848	""
1173583	Mucilaginibacter sabulilitoris	Bacteria	Bacteroidota	Sphingobacteriia	Sphingobacteriales	Sphingobacteriaceae	Mucilaginibacter	Mucilaginibacter sabulilitoris	Bacteroidota|Sphingobacteriia|Sphingobacteriales|Sphingobacteriaceae|Mucilaginibacter|Mucilaginibacter sabulilitoris	2	4.5	5	9	2	false	32,33	0.10526315789473684	0.47368421052631576	0	SPORADIC	18.88493339410556	20.45606803688229	2.2219199201290563	""
38304	Corynebacterium tuberculostearicum	Bacteria	Actinomycetota	Actinomycetes	Mycobacteriales	Corynebacteriaceae	Corynebacterium	Corynebacterium tuberculostearicum	Actinomycetota|Actinomycetes|Mycobacteriales|Corynebacteriaceae|Corynebacterium|Corynebacterium tuberculostearicum	2	4.5	6	9	2	false	15,26	0.10526315789473684	0.47368421052631576	0	SPORADIC	50.57283402750125	84.95334645390574	48.62138695475796	""
43675	Rothia mucilaginosa	Bacteria	Actinomycetota	Actinomycetes	Micrococcales	Micrococcaceae	Rothia	Rothia mucilaginosa	Actinomycetota|Actinomycetes|Micrococcales|Micrococcaceae|Rothia|Rothia mucilaginosa	2	4.5	5	9	2	false	18,33	0.10526315789473684	0.47368421052631576	0	SPORADIC	20.818035879808345	27.785032758553623	9.852821474932595	""
147645	Paracoccus yeei	Bacteria	Pseudomonadota	Alphaproteobacteria	Rhodobacterales	Paracoccaceae	Paracoccus	Paracoccus yeei	Pseudomonadota|Alphaproteobacteria|Rhodobacterales|Paracoccaceae|Paracoccus|Paracoccus yeei	2	4.0	5	8	2	false	15,25	0.10526315789473684	0.42105263157894735	0	SPORADIC	40.292629275237495	70.79445537825477	43.136096152032714	""
88688	Caulobacter segnis	Bacteria	Pseudomonadota	Alphaproteobacteria	Caulobacterales	Caulobacteraceae	Caulobacter	Caulobacter segnis	Pseudomonadota|Alphaproteobacteria|Caulobacterales|Caulobacteraceae|Caulobacter|Caulobacter segnis	2	4.0	4	8	2	false	30,33	0.10526315789473684	0.42105263157894735	0	SPORADIC	15.479034567548325	17.107030134033582	2.3023334096067223	""
558537	Delftia lacustris	Bacteria	Pseudomonadota	Betaproteobacteria	Burkholderiales	Comamonadaceae	Delftia	Delftia lacustris	Pseudomonadota|Betaproteobacteria|Burkholderiales|Comamonadaceae|Delftia|Delftia lacustris	2	4.0	5	8	1	true	27,28	0.10526315789473684	0.42105263157894735	3	SPORADIC	16.96821591262658	19.69892168102718	3.861801132522573	""
40215	Acinetobacter junii	Bacteria	Pseudomonadota	Gammaproteobacteria	Moraxellales	Moraxellaceae	Acinetobacter	Acinetobacter junii	Pseudomonadota|Gammaproteobacteria|Moraxellales|Moraxellaceae|Acinetobacter|Acinetobacter junii	2	4.0	7	8	1	false	20,33	0.10526315789473684	0.42105263157894735	0	SPORADIC	18.637544202580514	24.239318251860368	7.922104833841221	""
1343	Streptococcus vestibularis	Bacteria	Bacillota	Bacilli	Lactobacillales	Streptococcaceae	Streptococcus	Streptococcus vestibularis	Bacillota|Bacilli|Lactobacillales|Streptococcaceae|Streptococcus|Streptococcus vestibularis	2	4.0	4	8	2	false	18,25	0.10526315789473684	0.42105263157894735	0	SPORADIC	17.641215218234933	22.228026206842898	6.486730308131326	""
82633	Cupriavidus pauculus	Bacteria	Pseudomonadota	Betaproteobacteria	Burkholderiales	Burkholderiaceae	Cupriavidus	Cupriavidus pauculus	Pseudomonadota|Betaproteobacteria|Burkholderiales|Burkholderiaceae|Cupriavidus|Cupriavidus pauculus	2	4.0	4	8	1	false	16,20	0.10526315789473684	0.42105263157894735	0	SPORADIC	52.776662349009044	53.41024408481547	0.8960198836493235	""
3101753	Micrococcus sp. HOU01	Bacteria	Actinomycetota	Actinomycetes	Micrococcales	Micrococcaceae	Micrococcus	Micrococcus sp. HOU01	Actinomycetota|Actinomycetes|Micrococcales|Micrococcaceae|Micrococcus|Micrococcus sp. HOU01	2	4.0	4	8	2	false	22,23	0.10526315789473684	0.42105263157894735	0	SPORADIC	56.9669373439038	64.77208323212696	11.038143171425789	""
2913503	Corynebacterium marquesiae	Bacteria	Actinomycetota	Actinomycetes	Mycobacteriales	Corynebacteriaceae	Corynebacterium	Corynebacterium marquesiae	Actinomycetota|Actinomycetes|Mycobacteriales|Corynebacteriaceae|Corynebacterium|Corynebacterium marquesiae	2	4.0	5	8	2	false	17,25	0.10526315789473684	0.42105263157894735	0	SPORADIC	34.43238595466377	52.54676662229384	25.617602814151436	""
2854036	Nitratireductor rhodophyticola	Bacteria	Pseudomonadota	Alphaproteobacteria	Hyphomicrobiales	Phyllobacteriaceae	Nitratireductor	Nitratireductor rhodophyticola	Pseudomonadota|Alphaproteobacteria|Hyphomicrobiales|Phyllobacteriaceae|Nitratireductor|Nitratireductor rhodophyticola	2	4.0	5	8	2	false	29,33	0.10526315789473684	0.42105263157894735	0	SPORADIC	13.112366976989176	17.313798751328832	5.9417217966564	""
1379	Gemella haemolysans	Bacteria	Bacillota	Bacilli	Bacillales	Gemellaceae	Gemella	Gemella haemolysans	Bacillota|Bacilli|Bacillales|Gemellaceae|Gemella|Gemella haemolysans	2	3.5	4	7	2	false	27,31	0.10526315789473684	0.3684210526315789	0	SPORADIC	15.150004656222034	15.759137344821744	0.8614437095024964	""
155892	Caulobacter vibrioides	Bacteria	Pseudomonadota	Alphaproteobacteria	Caulobacterales	Caulobacteraceae	Caulobacter	Caulobacter vibrioides	Pseudomonadota|Alphaproteobacteria|Caulobacterales|Caulobacteraceae|Caulobacter|Caulobacter vibrioides	2	3.5	4	7	2	false	31,33	0.10526315789473684	0.3684210526315789	0	SPORADIC	14.195955484342695	14.540871967622325	0.4877855685400845	""
2282523	Methylorubrum	Bacteria	Pseudomonadota	Alphaproteobacteria	Hyphomicrobiales	Methylobacteriaceae	Methylorubrum	""	Pseudomonadota|Alphaproteobacteria|Hyphomicrobiales|Methylobacteriaceae|Methylorubrum	2	3.5	4	7	2	false	30,33	0.10526315789473684	0.3684210526315789	0	SPORADIC	13.340655800794126	13.851039001063066	0.7217908438277186	""
1883	Streptomyces	Bacteria	Actinomycetota	Actinomycetes	Kitasatosporales	Streptomycetaceae	Streptomyces	""	Actinomycetota|Actinomycetes|Kitasatosporales|Streptomycetaceae|Streptomyces	2	3.5	4	7	2	false	18,23	0.10526315789473684	0.3684210526315789	0	SPORADIC	40.721551443629565	64.77208323212696	34.012588237578264	""
75309	Rhodanobacter	Bacteria	Pseudomonadota	Gammaproteobacteria	Lysobacterales	Rhodanobacteraceae	Rhodanobacter	""	Pseudomonadota|Gammaproteobacteria|Lysobacterales|Rhodanobacteraceae|Rhodanobacter	2	3.5	4	7	2	false	29,33	0.10526315789473684	0.3684210526315789	0	SPORADIC	11.380987101856292	13.851039001063066	3.493180895623642	""
35703	Citrobacter amalonaticus	Bacteria	Pseudomonadota	Gammaproteobacteria	Enterobacterales	Enterobacteriaceae	Citrobacter	Citrobacter amalonaticus	Pseudomonadota|Gammaproteobacteria|Enterobacterales|Enterobacteriaceae|Citrobacter|Citrobacter amalonaticus	2	3.0	3	6	2	false	21,30	0.10526315789473684	0.3157894736842105	0	SPORADIC	16.97844219247462	21.126611784424053	5.8663976959585575	""
41275	Brevundimonas	Bacteria	Pseudomonadota	Alphaproteobacteria	Caulobacterales	Caulobacteraceae	Brevundimonas	""	Pseudomonadota|Alphaproteobacteria|Caulobacterales|Caulobacteraceae|Brevundimonas	2	3.0	3	6	2	false	30,32	0.10526315789473684	0.3157894736842105	0	SPORADIC	14.086161814093451	15.342051027661716	1.776095558666321	""
1881016	Achromobacter sp. MFA1 R4	Bacteria	Pseudomonadota	Betaproteobacteria	Burkholderiales	Alcaligenaceae	Achromobacter	Achromobacter sp. MFA1 R4	Pseudomonadota|Betaproteobacteria|Burkholderiales|Alcaligenaceae|Achromobacter|Achromobacter sp. MFA1 R4	2	3.0	3	6	2	false	27,30	0.10526315789473684	0.3157894736842105	0	SPORADIC	12.324812804570747	12.830272600525186	0.7148280986731047	""
480036	Nocardia blacklockiae	Bacteria	Actinomycetota	Actinomycetes	Mycobacteriales	Nocardiaceae	Nocardia	Nocardia blacklockiae	Actinomycetota|Actinomycetes|Mycobacteriales|Nocardiaceae|Nocardia|Nocardia blacklockiae	2	3.0	3	6	2	false	18,30	0.10526315789473684	0.3157894736842105	0	SPORADIC	14.75064612782868	16.671019655132174	2.715818287134861	""
2762331	Dermacoccus sp. PAMC28757	Bacteria	Actinomycetota	Actinomycetes	Micrococcales	Dermacoccaceae	Dermacoccus	Dermacoccus sp. PAMC28757	Actinomycetota|Actinomycetes|Micrococcales|Dermacoccaceae|Dermacoccus|Dermacoccus sp. PAMC28757	2	2.5	4	5	1	false	13,17	0.10526315789473684	0.2631578947368421	0	SPORADIC	40.69773486142504	70.06235549639179	41.52784475591083	""
3142261	Micrococcus sp. 2A	Bacteria	Actinomycetota	Actinomycetes	Micrococcales	Micrococcaceae	Micrococcus	Micrococcus sp. 2A	Actinomycetota|Actinomycetes|Micrococcales|Micrococcaceae|Micrococcus|Micrococcus sp. 2A	2	2.5	3	5	1	false	22,23	0.10526315789473684	0.2631578947368421	0	SPORADIC	34.628692603911986	36.871343591760485	3.1715874426847743	""
60550	Burkholderia pyrrocinia	Bacteria	Pseudomonadota	Betaproteobacteria	Burkholderiales	Burkholderiaceae	Burkholderia	Burkholderia pyrrocinia	Pseudomonadota|Betaproteobacteria|Burkholderiales|Burkholderiaceae|Burkholderia|Burkholderia pyrrocinia	2	2.0	3	4	1	false	32,33	0.10526315789473684	0.21052631578947367	0	SPORADIC	7.751148130008936	10.3882792507973	3.7294665967750653	""
2282124	Stenotrophomonas sp. ASS1	Bacteria	Pseudomonadota	Gammaproteobacteria	Lysobacterales	Lysobacteraceae	Stenotrophomonas	Stenotrophomonas sp. ASS1	Pseudomonadota|Gammaproteobacteria|Lysobacterales|Lysobacteraceae|Stenotrophomonas|Stenotrophomonas sp. ASS1	2	1.5	2	3	1	false	27,29	0.10526315789473684	0.15789473684210525	0	SPORADIC	4.940203902319224	5.940623468433012	1.414806918461526	""
5506	Fusarium	Eukaryota	Ascomycota	Sordariomycetes	Hypocreales	Nectriaceae	Fusarium	""	Ascomycota|Sordariomycetes|Hypocreales|Nectriaceae|Fusarium	2	1.5	2	3	1	false	29,31	0.10526315789473684	0.15789473684210525	0	SPORADIC	6.332113189649029	9.69391464508155	4.7543052122782825	""
43668	Brachybacterium	Bacteria	Actinomycetota	Actinomycetes	Micrococcales	Dermabacteraceae	Brachybacterium	""	Actinomycetota|Actinomycetes|Micrococcales|Dermabacteraceae|Brachybacterium	2	1.0	1	2	1	false	15,30	0.10526315789473684	0.10526315789473684	0	SPORADIC	9.217824304579675	14.158891075650955	6.9877236402400404	""
3023517	Brachybacterium sp. GPGPB12	Bacteria	Actinomycetota	Actinomycetes	Micrococcales	Dermabacteraceae	Brachybacterium	Brachybacterium sp. GPGPB12	Actinomycetota|Actinomycetes|Micrococcales|Dermabacteraceae|Brachybacterium|Brachybacterium sp. GPGPB12	2	1.0	1	2	1	false	22,26	0.10526315789473684	0.10526315789473684	0	SPORADIC	8.84394419880954	12.29044786392016	4.8740922259680195	""
1545044	Paracoccus sanguinis	Bacteria	Pseudomonadota	Alphaproteobacteria	Rhodobacterales	Paracoccaceae	Paracoccus	Paracoccus sanguinis	Pseudomonadota|Alphaproteobacteria|Rhodobacterales|Paracoccaceae|Paracoccus|Paracoccus sanguinis	2	1.0	1	2	1	false	13,23	0.10526315789473684	0.10526315789473684	0	SPORADIC	13.763067517245014	16.19302080803174	3.4364728997637206	""
41688	Lomentospora prolificans	Eukaryota	Ascomycota	Sordariomycetes	Microascales	Microascaceae	Lomentospora	Lomentospora prolificans	Ascomycota|Sordariomycetes|Microascales|Microascaceae|Lomentospora|Lomentospora prolificans	2	1.0	1	2	1	true	28,29	0.10526315789473684	0.10526315789473684	1	SPORADIC	3.858074224479249	4.745836714741992	1.2554857538956843	""
2508289	Pandoraea commovens	Bacteria	Pseudomonadota	Betaproteobacteria	Burkholderiales	Burkholderiaceae	Pandoraea	Pandoraea commovens	Pseudomonadota|Betaproteobacteria|Burkholderiales|Burkholderiaceae|Pandoraea|Pandoraea commovens	2	1.0	1	2	1	false	27,29	0.10526315789473684	0.10526315789473684	0	SPORADIC	3.4550480352109707	3.939784336205436	0.6855206510409391	""
6183	Schistosoma mansoni	Eukaryota	Platyhelminthes	Trematoda	Strigeidida	Schistosomatidae	Schistosoma	Schistosoma mansoni	Platyhelminthes|Trematoda|Strigeidida|Schistosomatidae|Schistosoma|Schistosoma mansoni	2	1.0	1	2	1	false	13,16	0.10526315789473684	0.10526315789473684	0	SPORADIC	12.342837623831077	13.352561021203867	1.4279645228100368	""
34072	Variovorax	Bacteria	Pseudomonadota	Betaproteobacteria	Burkholderiales	Comamonadaceae	Variovorax	""	Pseudomonadota|Betaproteobacteria|Burkholderiales|Comamonadaceae|Variovorax	1	35.0	35	35	1	false	22	0.05263157894736842	1.8421052631578947	0	SPORADIC	430.1656752372057	430.1656752372057		""
2871169	Stenotrophomonas forensis	Bacteria	Pseudomonadota	Gammaproteobacteria	Lysobacterales	Lysobacteraceae	Stenotrophomonas	Stenotrophomonas forensis	Pseudomonadota|Gammaproteobacteria|Lysobacterales|Lysobacteraceae|Stenotrophomonas|Stenotrophomonas forensis	1	16.0	16	16	2	false	22	0.05263157894736842	0.8421052631578947	0	SPORADIC	196.64716582272257	196.64716582272257		""
257708	Roseomonas gilardii	Bacteria	Pseudomonadota	Alphaproteobacteria	Acetobacterales	Roseomonadaceae	Roseomonas	Roseomonas gilardii	Pseudomonadota|Alphaproteobacteria|Acetobacterales|Roseomonadaceae|Roseomonas|Roseomonas gilardii	1	14.0	14	14	2	false	17	0.05263157894736842	0.7368421052631579	0	SPORADIC	245.21824423737127	245.21824423737127		""
2026199	Paraburkholderia aromaticivorans	Bacteria	Pseudomonadota	Betaproteobacteria	Burkholderiales	Burkholderiaceae	Paraburkholderia	Paraburkholderia aromaticivorans	Pseudomonadota|Betaproteobacteria|Burkholderiales|Burkholderiaceae|Paraburkholderia|Paraburkholderia aromaticivorans	1	12.0	12	12	2	false	33	0.05263157894736842	0.631578947368421	0	SPORADIC	41.5531170031892	41.5531170031892		""
1737425	Corynebacterium provencense	Bacteria	Actinomycetota	Actinomycetes	Mycobacteriales	Corynebacteriaceae	Corynebacterium	Corynebacterium provencense	Actinomycetota|Actinomycetes|Mycobacteriales|Corynebacteriaceae|Corynebacterium|Corynebacterium provencense	1	10.0	10	10	3	false	18	0.05263157894736842	0.5263157894736842	0	SPORADIC	55.570065517107246	55.570065517107246		""
376418	Micrococcus sp. A7	Bacteria	Actinomycetota	Actinomycetes	Micrococcales	Micrococcaceae	Micrococcus	Micrococcus sp. A7	Actinomycetota|Actinomycetes|Micrococcales|Micrococcaceae|Micrococcus|Micrococcus sp. A7	1	10.0	10	10	3	false	22	0.05263157894736842	0.5263157894736842	0	SPORADIC	122.90447863920161	122.90447863920161		""
2748629	Bradyrhizobium quebecense	Bacteria	Pseudomonadota	Alphaproteobacteria	Hyphomicrobiales	Nitrobacteraceae	Bradyrhizobium	Bradyrhizobium quebecense	Pseudomonadota|Alphaproteobacteria|Hyphomicrobiales|Nitrobacteraceae|Bradyrhizobium|Bradyrhizobium quebecense	1	9.0	9	9	3	false	33	0.05263157894736842	0.47368421052631576	0	SPORADIC	31.1648377523919	31.1648377523919		""
208375	Bradyrhizobium sp. Pha-3	Bacteria	Pseudomonadota	Alphaproteobacteria	Hyphomicrobiales	Nitrobacteraceae	Bradyrhizobium	Bradyrhizobium sp. Pha-3	Pseudomonadota|Alphaproteobacteria|Hyphomicrobiales|Nitrobacteraceae|Bradyrhizobium|Bradyrhizobium sp. Pha-3	1	9.0	9	9	2	false	33	0.05263157894736842	0.47368421052631576	0	SPORADIC	31.1648377523919	31.1648377523919		""
1252	Leuconostoc carnosum	Bacteria	Bacillota	Bacilli	Lactobacillales	Lactobacillaceae	Leuconostoc	Leuconostoc carnosum	Bacillota|Bacilli|Lactobacillales|Lactobacillaceae|Leuconostoc|Leuconostoc carnosum	1	9.0	9	9	3	false	17	0.05263157894736842	0.47368421052631576	0	SPORADIC	157.64029986688152	157.64029986688152		""
1308	Streptococcus thermophilus	Bacteria	Bacillota	Bacilli	Lactobacillales	Streptococcaceae	Streptococcus	Streptococcus thermophilus	Bacillota|Bacilli|Lactobacillales|Streptococcaceae|Streptococcus|Streptococcus thermophilus	1	9.0	9	9	2	false	33	0.05263157894736842	0.47368421052631576	0	SPORADIC	31.1648377523919	31.1648377523919		""
53457	Janibacter	Bacteria	Actinomycetota	Actinomycetes	Micrococcales	Intrasporangiaceae	Janibacter	""	Actinomycetota|Actinomycetes|Micrococcales|Intrasporangiaceae|Janibacter	1	9.0	9	9	2	false	33	0.05263157894736842	0.47368421052631576	0	SPORADIC	31.1648377523919	31.1648377523919		""
963	Herbaspirillum	Bacteria	Pseudomonadota	Betaproteobacteria	Burkholderiales	Oxalobacteraceae	Herbaspirillum	""	Pseudomonadota|Betaproteobacteria|Burkholderiales|Oxalobacteraceae|Herbaspirillum	1	8.0	8	8	2	false	22	0.05263157894736842	0.42105263157894735	0	SPORADIC	98.32358291136129	98.32358291136129		""
2028343	Rhizobium sp. 11515TR	Bacteria	Pseudomonadota	Alphaproteobacteria	Hyphomicrobiales	Rhizobiaceae	Rhizobium	Rhizobium sp. 11515TR	Pseudomonadota|Alphaproteobacteria|Hyphomicrobiales|Rhizobiaceae|Rhizobium|Rhizobium sp. 11515TR	1	8.0	8	8	3	false	33	0.05263157894736842	0.42105263157894735	0	SPORADIC	27.702078002126132	27.702078002126132		""
329	Ralstonia pickettii	Bacteria	Pseudomonadota	Betaproteobacteria	Burkholderiales	Burkholderiaceae	Ralstonia	Ralstonia pickettii	Pseudomonadota|Betaproteobacteria|Burkholderiales|Burkholderiaceae|Ralstonia|Ralstonia pickettii	1	8.0	8	8	2	false	22	0.05263157894736842	0.42105263157894735	0	SPORADIC	98.32358291136129	98.32358291136129		""
2653203	Sphingomonas sp. CL5.1	Bacteria	Pseudomonadota	Alphaproteobacteria	Sphingomonadales	Sphingomonadaceae	Sphingomonas	Sphingomonas sp. CL5.1	Pseudomonadota|Alphaproteobacteria|Sphingomonadales|Sphingomonadaceae|Sphingomonas|Sphingomonas sp. CL5.1	1	7.0	7	7	2	false	33	0.05263157894736842	0.3684210526315789	0	SPORADIC	24.239318251860368	24.239318251860368		""
261302	Paraburkholderia phytofirmans	Bacteria	Pseudomonadota	Betaproteobacteria	Burkholderiales	Burkholderiaceae	Paraburkholderia	Paraburkholderia phytofirmans	Pseudomonadota|Betaproteobacteria|Burkholderiales|Burkholderiaceae|Paraburkholderia|Paraburkholderia phytofirmans	1	7.0	7	7	2	false	33	0.05263157894736842	0.3684210526315789	0	SPORADIC	24.239318251860368	24.239318251860368		""
125216	Roseomonas	Bacteria	Pseudomonadota	Alphaproteobacteria	Acetobacterales	Roseomonadaceae	Roseomonas	""	Pseudomonadota|Alphaproteobacteria|Acetobacterales|Roseomonadaceae|Roseomonas	1	7.0	7	7	2	false	17	0.05263157894736842	0.3684210526315789	0	SPORADIC	122.60912211868563	122.60912211868563		""
29430	Acinetobacter haemolyticus	Bacteria	Pseudomonadota	Gammaproteobacteria	Moraxellales	Moraxellaceae	Acinetobacter	Acinetobacter haemolyticus	Pseudomonadota|Gammaproteobacteria|Moraxellales|Moraxellaceae|Acinetobacter|Acinetobacter haemolyticus	1	7.0	7	7	2	false	33	0.05263157894736842	0.3684210526315789	0	SPORADIC	24.239318251860368	24.239318251860368		""
242605	Luteibacter	Bacteria	Pseudomonadota	Gammaproteobacteria	Lysobacterales	Rhodanobacteraceae	Luteibacter	""	Pseudomonadota|Gammaproteobacteria|Lysobacterales|Rhodanobacteraceae|Luteibacter	1	6.0	6	6	1	false	22	0.05263157894736842	0.3157894736842105	0	SPORADIC	73.74268718352097	73.74268718352097		""
36873	Paraburkholderia xenovorans	Bacteria	Pseudomonadota	Betaproteobacteria	Burkholderiales	Burkholderiaceae	Paraburkholderia	Paraburkholderia xenovorans	Pseudomonadota|Betaproteobacteria|Burkholderiales|Burkholderiaceae|Paraburkholderia|Paraburkholderia xenovorans	1	6.0	6	6	2	false	33	0.05263157894736842	0.3157894736842105	0	SPORADIC	20.7765585015946	20.7765585015946		""
3384787	Pseudomonas sp. YH-1	Bacteria	Pseudomonadota	Gammaproteobacteria	Pseudomonadales	Pseudomonadaceae	Pseudomonas	Pseudomonas sp. YH-1	Pseudomonadota|Gammaproteobacteria|Pseudomonadales|Pseudomonadaceae|Pseudomonas|Pseudomonas sp. YH-1	1	6.0	6	6	3	false	17	0.05263157894736842	0.3157894736842105	0	SPORADIC	105.09353324458768	105.09353324458768		""
29382	Staphylococcus cohnii	Bacteria	Bacillota	Bacilli	Bacillales	Staphylococcaceae	Staphylococcus	Staphylococcus cohnii	Bacillota|Bacilli|Bacillales|Staphylococcaceae|Staphylococcus|Staphylococcus cohnii	1	6.0	6	6	2	false	22	0.05263157894736842	0.3157894736842105	0	SPORADIC	73.74268718352097	73.74268718352097		""
2303331	Solimonas sp. K1W22B-7	Bacteria	Pseudomonadota	Gammaproteobacteria	Nevskiales	Nevskiaceae	Solimonas	Solimonas sp. K1W22B-7	Pseudomonadota|Gammaproteobacteria|Nevskiales|Nevskiaceae|Solimonas|Solimonas sp. K1W22B-7	1	6.0	6	6	2	false	29	0.05263157894736842	0.3157894736842105	0	SPORADIC	17.821870405299034	17.821870405299034		""
32002	Achromobacter denitrificans	Bacteria	Pseudomonadota	Betaproteobacteria	Burkholderiales	Alcaligenaceae	Achromobacter	Achromobacter denitrificans	Pseudomonadota|Betaproteobacteria|Burkholderiales|Alcaligenaceae|Achromobacter|Achromobacter denitrificans	1	6.0	6	6	2	false	29	0.05263157894736842	0.3157894736842105	0	SPORADIC	17.821870405299034	17.821870405299034		""
1280	Staphylococcus aureus	Bacteria	Bacillota	Bacilli	Bacillales	Staphylococcaceae	Staphylococcus	Staphylococcus aureus	Bacillota|Bacilli|Bacillales|Staphylococcaceae|Staphylococcus|Staphylococcus aureus	1	6.0	6	6	2	false	33	0.05263157894736842	0.3157894736842105	0	SPORADIC	20.7765585015946	20.7765585015946		""
555317	Phyllobacterium meliloti	Bacteria	Pseudomonadota	Alphaproteobacteria	Hyphomicrobiales	Phyllobacteriaceae	Phyllobacterium	Phyllobacterium meliloti	Pseudomonadota|Alphaproteobacteria|Hyphomicrobiales|Phyllobacteriaceae|Phyllobacterium|Phyllobacterium meliloti	1	6.0	6	6	2	false	29	0.05263157894736842	0.3157894736842105	0	SPORADIC	17.821870405299034	17.821870405299034		""
323620	Shinella	Bacteria	Pseudomonadota	Alphaproteobacteria	Hyphomicrobiales	Rhizobiaceae	Shinella	""	Pseudomonadota|Alphaproteobacteria|Hyphomicrobiales|Rhizobiaceae|Shinella	1	6.0	6	6	2	false	33	0.05263157894736842	0.3157894736842105	0	SPORADIC	20.7765585015946	20.7765585015946		""
147802	Lactobacillus iners	Bacteria	Bacillota	Bacilli	Lactobacillales	Lactobacillaceae	Lactobacillus	Lactobacillus iners	Bacillota|Bacilli|Lactobacillales|Lactobacillaceae|Lactobacillus|Lactobacillus iners	1	6.0	6	6	2	false	20	0.05263157894736842	0.3157894736842105	0	SPORADIC	78.21462091980395	78.21462091980395		""
2267833	Rhizobium oryzihabitans	Bacteria	Pseudomonadota	Alphaproteobacteria	Hyphomicrobiales	Rhizobiaceae	Rhizobium	Rhizobium oryzihabitans	Pseudomonadota|Alphaproteobacteria|Hyphomicrobiales|Rhizobiaceae|Rhizobium|Rhizobium oryzihabitans	1	6.0	6	6	2	false	33	0.05263157894736842	0.3157894736842105	0	SPORADIC	20.7765585015946	20.7765585015946		""
2047	Rothia dentocariosa	Bacteria	Actinomycetota	Actinomycetes	Micrococcales	Micrococcaceae	Rothia	Rothia dentocariosa	Actinomycetota|Actinomycetes|Micrococcales|Micrococcaceae|Rothia|Rothia dentocariosa	1	6.0	6	6	1	false	30	0.05263157894736842	0.3157894736842105	0	SPORADIC	25.660545201050372	25.660545201050372		""
2072503	Actinoalloteichus sp. AHMU CJ021	Bacteria	Actinomycetota	Actinomycetes	Pseudonocardiales	Pseudonocardiaceae	Actinoalloteichus	Actinoalloteichus sp. AHMU CJ021	Actinomycetota|Actinomycetes|Pseudonocardiales|Pseudonocardiaceae|Actinoalloteichus|Actinoalloteichus sp. AHMU CJ021	1	5.0	5	5	3	false	13	0.05263157894736842	0.2631578947368421	0	SPORADIC	56.66557113229145	56.66557113229145		""
470	Acinetobacter baumannii	Bacteria	Pseudomonadota	Gammaproteobacteria	Moraxellales	Moraxellaceae	Acinetobacter	Acinetobacter baumannii	Pseudomonadota|Gammaproteobacteria|Moraxellales|Moraxellaceae|Acinetobacter|Acinetobacter baumannii	1	5.0	5	5	2	false	15	0.05263157894736842	0.2631578947368421	0	SPORADIC	70.79445537825477	70.79445537825477		""
517	Bordetella	Bacteria	Pseudomonadota	Betaproteobacteria	Burkholderiales	Alcaligenaceae	Bordetella	""	Pseudomonadota|Betaproteobacteria|Burkholderiales|Alcaligenaceae|Bordetella	1	5.0	5	5	2	false	29	0.05263157894736842	0.2631578947368421	0	SPORADIC	14.85155867108253	14.85155867108253		""
867595	Porphyromonas pogonae	Bacteria	Bacteroidota	Bacteroidia	Bacteroidales	Porphyromonadaceae	Porphyromonas	Porphyromonas pogonae	Bacteroidota|Bacteroidia|Bacteroidales|Porphyromonadaceae|Porphyromonas|Porphyromonas pogonae	1	5.0	5	5	3	false	33	0.05263157894736842	0.2631578947368421	0	SPORADIC	17.313798751328832	17.313798751328832		""
415229	Pseudoxanthomonas spadix	Bacteria	Pseudomonadota	Gammaproteobacteria	Lysobacterales	Lysobacteraceae	Pseudoxanthomonas	Pseudoxanthomonas spadix	Pseudomonadota|Gammaproteobacteria|Lysobacterales|Lysobacteraceae|Pseudoxanthomonas|Pseudoxanthomonas spadix	1	5.0	5	5	3	false	17	0.05263157894736842	0.2631578947368421	0	SPORADIC	87.57794437048973	87.57794437048973		""
2734912	Bradyrhizobium denitrificans	Bacteria	Pseudomonadota	Alphaproteobacteria	Hyphomicrobiales	Nitrobacteraceae	Bradyrhizobium	Bradyrhizobium denitrificans	Pseudomonadota|Alphaproteobacteria|Hyphomicrobiales|Nitrobacteraceae|Bradyrhizobium|Bradyrhizobium denitrificans	1	5.0	5	5	3	false	31	0.05263157894736842	0.2631578947368421	0	SPORADIC	24.234786612703875	24.234786612703875		""
238749	Diaphorobacter	Bacteria	Pseudomonadota	Betaproteobacteria	Burkholderiales	Comamonadaceae	Diaphorobacter	""	Pseudomonadota|Betaproteobacteria|Burkholderiales|Comamonadaceae|Diaphorobacter	1	5.0	5	5	3	false	17	0.05263157894736842	0.2631578947368421	0	SPORADIC	87.57794437048973	87.57794437048973		""
56946	Afipia broomeae	Bacteria	Pseudomonadota	Alphaproteobacteria	Hyphomicrobiales	Nitrobacteraceae	Afipia	Afipia broomeae	Pseudomonadota|Alphaproteobacteria|Hyphomicrobiales|Nitrobacteraceae|Afipia|Afipia broomeae	1	5.0	5	5	2	false	29	0.05263157894736842	0.2631578947368421	0	SPORADIC	14.85155867108253	14.85155867108253		""
1852390	Corynebacterium fournieri	Bacteria	Actinomycetota	Actinomycetes	Mycobacteriales	Corynebacteriaceae	Corynebacterium	Corynebacterium fournieri	Actinomycetota|Actinomycetes|Mycobacteriales|Corynebacteriaceae|Corynebacterium|Corynebacterium fournieri	1	5.0	5	5	2	false	16	0.05263157894736842	0.2631578947368421	0	SPORADIC	66.76280510601934	66.76280510601934		""
36809	Mycobacteroides abscessus	Bacteria	Actinomycetota	Actinomycetes	Mycobacteriales	Mycobacteriaceae	Mycobacteroides	Mycobacteroides abscessus	Actinomycetota|Actinomycetes|Mycobacteriales|Mycobacteriaceae|Mycobacteroides|Mycobacteroides abscessus	1	5.0	5	5	2	false	29	0.05263157894736842	0.2631578947368421	0	SPORADIC	14.85155867108253	14.85155867108253		""
60548	Paraburkholderia graminis	Bacteria	Pseudomonadota	Betaproteobacteria	Burkholderiales	Burkholderiaceae	Paraburkholderia	Paraburkholderia graminis	Pseudomonadota|Betaproteobacteria|Burkholderiales|Burkholderiaceae|Paraburkholderia|Paraburkholderia graminis	1	5.0	5	5	3	false	33	0.05263157894736842	0.2631578947368421	0	SPORADIC	17.313798751328832	17.313798751328832		""
195105	Haematobacter massiliensis	Bacteria	Pseudomonadota	Alphaproteobacteria	Rhodobacterales	Paracoccaceae	Haematobacter	Haematobacter massiliensis	Pseudomonadota|Alphaproteobacteria|Rhodobacterales|Paracoccaceae|Haematobacter|Haematobacter massiliensis	1	5.0	5	5	1	false	22	0.05263157894736842	0.2631578947368421	0	SPORADIC	61.45223931960081	61.45223931960081		""
3069708	Brachybacterium sp. GU-2	Bacteria	Actinomycetota	Actinomycetes	Micrococcales	Dermabacteraceae	Brachybacterium	Brachybacterium sp. GU-2	Actinomycetota|Actinomycetes|Micrococcales|Dermabacteraceae|Brachybacterium|Brachybacterium sp. GU-2	1	5.0	5	5	2	false	15	0.05263157894736842	0.2631578947368421	0	SPORADIC	70.79445537825477	70.79445537825477		""
161899	Corynebacterium singulare	Bacteria	Actinomycetota	Actinomycetes	Mycobacteriales	Corynebacteriaceae	Corynebacterium	Corynebacterium singulare	Actinomycetota|Actinomycetes|Mycobacteriales|Corynebacteriaceae|Corynebacterium|Corynebacterium singulare	1	5.0	5	5	2	false	27	0.05263157894736842	0.2631578947368421	0	SPORADIC	19.69892168102718	19.69892168102718		""
3074437	Paraburkholderia sp. FT54	Bacteria	Pseudomonadota	Betaproteobacteria	Burkholderiales	Burkholderiaceae	Paraburkholderia	Paraburkholderia sp. FT54	Pseudomonadota|Betaproteobacteria|Burkholderiales|Burkholderiaceae|Paraburkholderia|Paraburkholderia sp. FT54	1	5.0	5	5	2	false	33	0.05263157894736842	0.2631578947368421	0	SPORADIC	17.313798751328832	17.313798751328832		""
501783	Cloacibacterium	Bacteria	Bacteroidota	Flavobacteriia	Flavobacteriales	Weeksellaceae	Cloacibacterium	""	Bacteroidota|Flavobacteriia|Flavobacteriales|Weeksellaceae|Cloacibacterium	1	4.0	4	4	2	false	29	0.05263157894736842	0.21052631578947367	0	SPORADIC	11.881246936866024	11.881246936866024		""
1827195	Caballeronia	Bacteria	Pseudomonadota	Betaproteobacteria	Burkholderiales	Burkholderiaceae	Caballeronia	""	Pseudomonadota|Betaproteobacteria|Burkholderiales|Burkholderiaceae|Caballeronia	1	4.0	4	4	2	false	32	0.05263157894736842	0.21052631578947367	0	SPORADIC	20.45606803688229	20.45606803688229		""
2560650	Gorganvirus isfahan	Viruses	Uroviricota	Caudoviricetes	""	""	Gorganvirus	Gorganvirus isfahan	Uroviricota|Caudoviricetes|Gorganvirus|Gorganvirus isfahan	1	4.0	4	4	2	false	33	0.05263157894736842	0.21052631578947367	0	SPORADIC	13.851039001063066	13.851039001063066		""
1303	Streptococcus oralis	Bacteria	Bacillota	Bacilli	Lactobacillales	Streptococcaceae	Streptococcus	Streptococcus oralis	Bacillota|Bacilli|Lactobacillales|Streptococcaceae|Streptococcus|Streptococcus oralis	1	4.0	4	4	2	false	31	0.05263157894736842	0.21052631578947367	0	SPORADIC	19.3878292901631	19.3878292901631		""
36805	Microbacterium aurum	Bacteria	Actinomycetota	Actinomycetes	Micrococcales	Microbacteriaceae	Microbacterium	Microbacterium aurum	Actinomycetota|Actinomycetes|Micrococcales|Microbacteriaceae|Microbacterium|Microbacterium aurum	1	4.0	4	4	2	false	29	0.05263157894736842	0.21052631578947367	0	SPORADIC	11.881246936866024	11.881246936866024		""
398	Rhizobium tropici	Bacteria	Pseudomonadota	Alphaproteobacteria	Hyphomicrobiales	Rhizobiaceae	Rhizobium	Rhizobium tropici	Pseudomonadota|Alphaproteobacteria|Hyphomicrobiales|Rhizobiaceae|Rhizobium|Rhizobium tropici	1	4.0	4	4	2	false	33	0.05263157894736842	0.21052631578947367	0	SPORADIC	13.851039001063066	13.851039001063066		""
3374551	Caulobacter sp. UC70_42	Bacteria	Pseudomonadota	Alphaproteobacteria	Caulobacterales	Caulobacteraceae	Caulobacter	Caulobacter sp. UC70_42	Pseudomonadota|Alphaproteobacteria|Caulobacterales|Caulobacteraceae|Caulobacter|Caulobacter sp. UC70_42	1	4.0	4	4	2	false	33	0.05263157894736842	0.21052631578947367	0	SPORADIC	13.851039001063066	13.851039001063066		""
1325120	Bradyrhizobium sp. CCBAU 53421	Bacteria	Pseudomonadota	Alphaproteobacteria	Hyphomicrobiales	Nitrobacteraceae	Bradyrhizobium	Bradyrhizobium sp. CCBAU 53421	Pseudomonadota|Alphaproteobacteria|Hyphomicrobiales|Nitrobacteraceae|Bradyrhizobium|Bradyrhizobium sp. CCBAU 53421	1	4.0	4	4	2	false	30	0.05263157894736842	0.21052631578947367	0	SPORADIC	17.107030134033582	17.107030134033582		""
234	Brucella	Bacteria	Pseudomonadota	Alphaproteobacteria	Hyphomicrobiales	Brucellaceae	Brucella	""	Pseudomonadota|Alphaproteobacteria|Hyphomicrobiales|Brucellaceae|Brucella	1	4.0	4	4	2	false	17	0.05263157894736842	0.21052631578947367	0	SPORADIC	70.06235549639179	70.06235549639179		""
1926494	Paraburkholderia sp. SOS3	Bacteria	Pseudomonadota	Betaproteobacteria	Burkholderiales	Burkholderiaceae	Paraburkholderia	Paraburkholderia sp. SOS3	Pseudomonadota|Betaproteobacteria|Burkholderiales|Burkholderiaceae|Paraburkholderia|Paraburkholderia sp. SOS3	1	4.0	4	4	2	false	33	0.05263157894736842	0.21052631578947367	0	SPORADIC	13.851039001063066	13.851039001063066		""
69665	Caulobacter sp. FWC26	Bacteria	Pseudomonadota	Alphaproteobacteria	Caulobacterales	Caulobacteraceae	Caulobacter	Caulobacter sp. FWC26	Pseudomonadota|Alphaproteobacteria|Caulobacterales|Caulobacteraceae|Caulobacter|Caulobacter sp. FWC26	1	4.0	4	4	2	false	33	0.05263157894736842	0.21052631578947367	0	SPORADIC	13.851039001063066	13.851039001063066		""
1404411	Bradyrhizobium septentrionale	Bacteria	Pseudomonadota	Alphaproteobacteria	Hyphomicrobiales	Nitrobacteraceae	Bradyrhizobium	Bradyrhizobium septentrionale	Pseudomonadota|Alphaproteobacteria|Hyphomicrobiales|Nitrobacteraceae|Bradyrhizobium|Bradyrhizobium septentrionale	1	4.0	4	4	2	false	33	0.05263157894736842	0.21052631578947367	0	SPORADIC	13.851039001063066	13.851039001063066		""
190721	Ralstonia insidiosa	Bacteria	Pseudomonadota	Betaproteobacteria	Burkholderiales	Burkholderiaceae	Ralstonia	Ralstonia insidiosa	Pseudomonadota|Betaproteobacteria|Burkholderiales|Burkholderiaceae|Ralstonia|Ralstonia insidiosa	1	4.0	4	4	2	false	30	0.05263157894736842	0.21052631578947367	0	SPORADIC	17.107030134033582	17.107030134033582		""
1646122	Sphingomonas zeae	Bacteria	Pseudomonadota	Alphaproteobacteria	Sphingomonadales	Sphingomonadaceae	Sphingomonas	Sphingomonas zeae	Pseudomonadota|Alphaproteobacteria|Sphingomonadales|Sphingomonadaceae|Sphingomonas|Sphingomonas zeae	1	4.0	4	4	2	false	22	0.05263157894736842	0.21052631578947367	0	SPORADIC	49.16179145568064	49.16179145568064		""
384	Rhizobium leguminosarum	Bacteria	Pseudomonadota	Alphaproteobacteria	Hyphomicrobiales	Rhizobiaceae	Rhizobium	Rhizobium leguminosarum	Pseudomonadota|Alphaproteobacteria|Hyphomicrobiales|Rhizobiaceae|Rhizobium|Rhizobium leguminosarum	1	4.0	4	4	2	false	33	0.05263157894736842	0.21052631578947367	0	SPORADIC	13.851039001063066	13.851039001063066		""
1298	Deinococcus	Bacteria	Deinococcota	Deinococci	Deinococcales	Deinococcaceae	Deinococcus	""	Deinococcota|Deinococci|Deinococcales|Deinococcaceae|Deinococcus	1	4.0	4	4	2	false	20	0.05263157894736842	0.21052631578947367	0	SPORADIC	52.14308061320263	52.14308061320263		""
1198980	Pbunavirus	Viruses	Uroviricota	Caudoviricetes	""	Lindbergviridae	Pbunavirus	""	Uroviricota|Caudoviricetes|Lindbergviridae|Pbunavirus	1	4.0	4	4	2	false	17	0.05263157894736842	0.21052631578947367	0	SPORADIC	70.06235549639179	70.06235549639179		""
38302	Corynebacterium mycetoides	Bacteria	Actinomycetota	Actinomycetes	Mycobacteriales	Corynebacteriaceae	Corynebacterium	Corynebacterium mycetoides	Actinomycetota|Actinomycetes|Mycobacteriales|Corynebacteriaceae|Corynebacterium|Corynebacterium mycetoides	1	3.0	3	3	2	false	30	0.05263157894736842	0.15789473684210525	0	SPORADIC	12.830272600525186	12.830272600525186		""
307486	Tepidimonas taiwanensis	Bacteria	Pseudomonadota	Betaproteobacteria	Burkholderiales	""	Tepidimonas	Tepidimonas taiwanensis	Pseudomonadota|Betaproteobacteria|Burkholderiales|Tepidimonas|Tepidimonas taiwanensis	1	3.0	3	3	2	false	13	0.05263157894736842	0.15789473684210525	0	SPORADIC	33.99934267937486	33.99934267937486		""
13689	Sphingomonas paucimobilis	Bacteria	Pseudomonadota	Alphaproteobacteria	Sphingomonadales	Sphingomonadaceae	Sphingomonas	Sphingomonas paucimobilis	Pseudomonadota|Alphaproteobacteria|Sphingomonadales|Sphingomonadaceae|Sphingomonas|Sphingomonas paucimobilis	1	3.0	3	3	2	false	22	0.05263157894736842	0.15789473684210525	0	SPORADIC	36.871343591760485	36.871343591760485		""
72000	Kocuria rhizophila	Bacteria	Actinomycetota	Actinomycetes	Micrococcales	Micrococcaceae	Kocuria	Kocuria rhizophila	Actinomycetota|Actinomycetes|Micrococcales|Micrococcaceae|Kocuria|Kocuria rhizophila	1	3.0	3	3	2	false	18	0.05263157894736842	0.15789473684210525	0	SPORADIC	16.671019655132174	16.671019655132174		""
70346	Acinetobacter variabilis	Bacteria	Pseudomonadota	Gammaproteobacteria	Moraxellales	Moraxellaceae	Acinetobacter	Acinetobacter variabilis	Pseudomonadota|Gammaproteobacteria|Moraxellales|Moraxellaceae|Acinetobacter|Acinetobacter variabilis	1	3.0	3	3	2	false	15	0.05263157894736842	0.15789473684210525	0	SPORADIC	42.47667322695287	42.47667322695287		""
207340	Roseomonas mucosa	Bacteria	Pseudomonadota	Alphaproteobacteria	Acetobacterales	Roseomonadaceae	Roseomonas	Roseomonas mucosa	Pseudomonadota|Alphaproteobacteria|Acetobacterales|Roseomonadaceae|Roseomonas|Roseomonas mucosa	1	3.0	3	3	2	false	17	0.05263157894736842	0.15789473684210525	0	SPORADIC	52.54676662229384	52.54676662229384		""
134533	Acinetobacter parvus	Bacteria	Pseudomonadota	Gammaproteobacteria	Moraxellales	Moraxellaceae	Acinetobacter	Acinetobacter parvus	Pseudomonadota|Gammaproteobacteria|Moraxellales|Moraxellaceae|Acinetobacter|Acinetobacter parvus	1	3.0	3	3	2	false	31	0.05263157894736842	0.15789473684210525	0	SPORADIC	14.540871967622325	14.540871967622325		""
642	Aeromonas	Bacteria	Pseudomonadota	Gammaproteobacteria	Aeromonadales	Aeromonadaceae	Aeromonas	""	Pseudomonadota|Gammaproteobacteria|Aeromonadales|Aeromonadaceae|Aeromonas	1	3.0	3	3	2	false	33	0.05263157894736842	0.15789473684210525	0	SPORADIC	10.3882792507973	10.3882792507973		""
150247	Anoxybacillus	Bacteria	Bacillota	Bacilli	Bacillales	Anoxybacillaceae	Anoxybacillus	""	Bacillota|Bacilli|Bacillales|Anoxybacillaceae|Anoxybacillus	1	3.0	3	3	2	false	18	0.05263157894736842	0.15789473684210525	0	SPORADIC	16.671019655132174	16.671019655132174		""
1658665	Mitsuaria sp. 7	Bacteria	Pseudomonadota	Betaproteobacteria	Burkholderiales	Sphaerotilaceae	Roseateles	Mitsuaria sp. 7	Pseudomonadota|Betaproteobacteria|Burkholderiales|Sphaerotilaceae|Roseateles|Mitsuaria sp. 7	1	3.0	3	3	2	false	22	0.05263157894736842	0.15789473684210525	0	SPORADIC	36.871343591760485	36.871343591760485		""
39791	Corynebacterium glucuronolyticum	Bacteria	Actinomycetota	Actinomycetes	Mycobacteriales	Corynebacteriaceae	Corynebacterium	Corynebacterium glucuronolyticum	Actinomycetota|Actinomycetes|Mycobacteriales|Corynebacteriaceae|Corynebacterium|Corynebacterium glucuronolyticum	1	3.0	3	3	2	false	15	0.05263157894736842	0.15789473684210525	0	SPORADIC	42.47667322695287	42.47667322695287		""
2654982	Paraburkholderia atlantica	Bacteria	Pseudomonadota	Betaproteobacteria	Burkholderiales	Burkholderiaceae	Paraburkholderia	Paraburkholderia atlantica	Pseudomonadota|Betaproteobacteria|Burkholderiales|Burkholderiaceae|Paraburkholderia|Paraburkholderia atlantica	1	3.0	3	3	2	false	33	0.05263157894736842	0.15789473684210525	0	SPORADIC	10.3882792507973	10.3882792507973		""
2053	Gordonia	Bacteria	Actinomycetota	Actinomycetes	Mycobacteriales	Gordoniaceae	Gordonia	""	Actinomycetota|Actinomycetes|Mycobacteriales|Gordoniaceae|Gordonia	1	3.0	3	3	2	false	17	0.05263157894736842	0.15789473684210525	0	SPORADIC	52.54676662229384	52.54676662229384		""
1353890	Achromobacter kerstersii	Bacteria	Pseudomonadota	Betaproteobacteria	Burkholderiales	Alcaligenaceae	Achromobacter	Achromobacter kerstersii	Pseudomonadota|Betaproteobacteria|Burkholderiales|Alcaligenaceae|Achromobacter|Achromobacter kerstersii	1	3.0	3	3	2	false	29	0.05263157894736842	0.15789473684210525	0	SPORADIC	8.910935202649517	8.910935202649517		""
316	Stutzerimonas stutzeri	Bacteria	Pseudomonadota	Gammaproteobacteria	Pseudomonadales	Pseudomonadaceae	Stutzerimonas	Stutzerimonas stutzeri	Pseudomonadota|Gammaproteobacteria|Pseudomonadales|Pseudomonadaceae|Stutzerimonas|Stutzerimonas stutzeri	1	3.0	3	3	2	false	23	0.05263157894736842	0.15789473684210525	0	SPORADIC	48.57906242409521	48.57906242409521		""
165697	Sphingopyxis	Bacteria	Pseudomonadota	Alphaproteobacteria	Sphingomonadales	Sphingopyxidaceae	Sphingopyxis	""	Pseudomonadota|Alphaproteobacteria|Sphingomonadales|Sphingopyxidaceae|Sphingopyxis	1	3.0	3	3	2	false	29	0.05263157894736842	0.15789473684210525	0	SPORADIC	8.910935202649517	8.910935202649517		""
352475	Shinella zoogloeoides	Bacteria	Pseudomonadota	Alphaproteobacteria	Hyphomicrobiales	Rhizobiaceae	Shinella	Shinella zoogloeoides	Pseudomonadota|Alphaproteobacteria|Hyphomicrobiales|Rhizobiaceae|Shinella|Shinella zoogloeoides	1	3.0	3	3	2	false	33	0.05263157894736842	0.15789473684210525	0	SPORADIC	10.3882792507973	10.3882792507973		""
613	Serratia	Bacteria	Pseudomonadota	Gammaproteobacteria	Enterobacterales	Yersiniaceae	Serratia	""	Pseudomonadota|Gammaproteobacteria|Enterobacterales|Yersiniaceae|Serratia	1	3.0	3	3	2	false	29	0.05263157894736842	0.15789473684210525	0	SPORADIC	8.910935202649517	8.910935202649517		""
119219	Cupriavidus metallidurans	Bacteria	Pseudomonadota	Betaproteobacteria	Burkholderiales	Burkholderiaceae	Cupriavidus	Cupriavidus metallidurans	Pseudomonadota|Betaproteobacteria|Burkholderiales|Burkholderiaceae|Cupriavidus|Cupriavidus metallidurans	1	3.0	3	3	2	false	29	0.05263157894736842	0.15789473684210525	0	SPORADIC	8.910935202649517	8.910935202649517		""
225991	Comamonas aquatica	Bacteria	Pseudomonadota	Betaproteobacteria	Burkholderiales	Comamonadaceae	Comamonas	Comamonas aquatica	Pseudomonadota|Betaproteobacteria|Burkholderiales|Comamonadaceae|Comamonas|Comamonas aquatica	1	3.0	3	3	2	false	29	0.05263157894736842	0.15789473684210525	0	SPORADIC	8.910935202649517	8.910935202649517		""
3350178	Tahibacter sp. UC22_41	Bacteria	Pseudomonadota	Gammaproteobacteria	Lysobacterales	Rhodanobacteraceae	Tahibacter	Tahibacter sp. UC22_41	Pseudomonadota|Gammaproteobacteria|Lysobacterales|Rhodanobacteraceae|Tahibacter|Tahibacter sp. UC22_41	1	3.0	3	3	2	false	31	0.05263157894736842	0.15789473684210525	0	SPORADIC	14.540871967622325	14.540871967622325		""
729	Haemophilus parainfluenzae	Bacteria	Pseudomonadota	Gammaproteobacteria	Pasteurellales	Pasteurellaceae	Haemophilus	Haemophilus parainfluenzae	Pseudomonadota|Gammaproteobacteria|Pasteurellales|Pasteurellaceae|Haemophilus|Haemophilus parainfluenzae	1	3.0	3	3	2	false	17	0.05263157894736842	0.15789473684210525	0	SPORADIC	52.54676662229384	52.54676662229384		""
82541	Cupriavidus gilardii	Bacteria	Pseudomonadota	Betaproteobacteria	Burkholderiales	Burkholderiaceae	Cupriavidus	Cupriavidus gilardii	Pseudomonadota|Betaproteobacteria|Burkholderiales|Burkholderiaceae|Cupriavidus|Cupriavidus gilardii	1	3.0	3	3	2	false	33	0.05263157894736842	0.15789473684210525	0	SPORADIC	10.3882792507973	10.3882792507973		""
108980	Acinetobacter ursingii	Bacteria	Pseudomonadota	Gammaproteobacteria	Moraxellales	Moraxellaceae	Acinetobacter	Acinetobacter ursingii	Pseudomonadota|Gammaproteobacteria|Moraxellales|Moraxellaceae|Acinetobacter|Acinetobacter ursingii	1	3.0	3	3	1	false	31	0.05263157894736842	0.15789473684210525	0	SPORADIC	14.540871967622325	14.540871967622325		""
3137182	Caballeronia sp. S22	Bacteria	Pseudomonadota	Betaproteobacteria	Burkholderiales	Burkholderiaceae	Caballeronia	Caballeronia sp. S22	Pseudomonadota|Betaproteobacteria|Burkholderiales|Burkholderiaceae|Caballeronia|Caballeronia sp. S22	1	3.0	3	3	2	false	33	0.05263157894736842	0.15789473684210525	0	SPORADIC	10.3882792507973	10.3882792507973		""
106649	Acinetobacter guillouiae	Bacteria	Pseudomonadota	Gammaproteobacteria	Moraxellales	Moraxellaceae	Acinetobacter	Acinetobacter guillouiae	Pseudomonadota|Gammaproteobacteria|Moraxellales|Moraxellaceae|Acinetobacter|Acinetobacter guillouiae	1	3.0	3	3	2	false	20	0.05263157894736842	0.15789473684210525	0	SPORADIC	39.107310459901974	39.107310459901974		""
334542	Rhodococcus qingshengii	Bacteria	Actinomycetota	Actinomycetes	Mycobacteriales	Nocardiaceae	Rhodococcus	Rhodococcus qingshengii	Actinomycetota|Actinomycetes|Mycobacteriales|Nocardiaceae|Rhodococcus|Rhodococcus qingshengii	1	3.0	3	3	2	false	33	0.05263157894736842	0.15789473684210525	0	SPORADIC	10.3882792507973	10.3882792507973		""
80878	Acidovorax temperans	Bacteria	Pseudomonadota	Betaproteobacteria	Burkholderiales	Comamonadaceae	Acidovorax	Acidovorax temperans	Pseudomonadota|Betaproteobacteria|Burkholderiales|Comamonadaceae|Acidovorax|Acidovorax temperans	1	3.0	3	3	2	false	22	0.05263157894736842	0.15789473684210525	0	SPORADIC	36.871343591760485	36.871343591760485		""
1578	Lactobacillus	Bacteria	Bacillota	Bacilli	Lactobacillales	Lactobacillaceae	Lactobacillus	""	Bacillota|Bacilli|Lactobacillales|Lactobacillaceae|Lactobacillus	1	3.0	3	3	2	false	15	0.05263157894736842	0.15789473684210525	0	SPORADIC	42.47667322695287	42.47667322695287		""
2880934	Mesorhizobium sp. PAMC28654	Bacteria	Pseudomonadota	Alphaproteobacteria	Hyphomicrobiales	Phyllobacteriaceae	Mesorhizobium	Mesorhizobium sp. PAMC28654	Pseudomonadota|Alphaproteobacteria|Hyphomicrobiales|Phyllobacteriaceae|Mesorhizobium|Mesorhizobium sp. PAMC28654	1	3.0	3	3	2	false	33	0.05263157894736842	0.15789473684210525	0	SPORADIC	10.3882792507973	10.3882792507973		""
1982251	Pahexavirus	Viruses	Uroviricota	Caudoviricetes	""	""	Pahexavirus	""	Uroviricota|Caudoviricetes|Pahexavirus	1	3.0	3	3	2	false	30	0.05263157894736842	0.15789473684210525	0	SPORADIC	12.830272600525186	12.830272600525186		""
1260	Finegoldia magna	Bacteria	Bacillota	Tissierellia	Tissierellales	Peptoniphilaceae	Finegoldia	Finegoldia magna	Bacillota|Tissierellia|Tissierellales|Peptoniphilaceae|Finegoldia|Finegoldia magna	1	3.0	3	3	2	false	17	0.05263157894736842	0.15789473684210525	0	SPORADIC	52.54676662229384	52.54676662229384		""
497	Psychrobacter	Bacteria	Pseudomonadota	Gammaproteobacteria	Moraxellales	Moraxellaceae	Psychrobacter	""	Pseudomonadota|Gammaproteobacteria|Moraxellales|Moraxellaceae|Psychrobacter	1	3.0	3	3	2	false	17	0.05263157894736842	0.15789473684210525	0	SPORADIC	52.54676662229384	52.54676662229384		""
28090	Acinetobacter lwoffii	Bacteria	Pseudomonadota	Gammaproteobacteria	Moraxellales	Moraxellaceae	Acinetobacter	Acinetobacter lwoffii	Pseudomonadota|Gammaproteobacteria|Moraxellales|Moraxellaceae|Acinetobacter|Acinetobacter lwoffii	1	3.0	3	3	2	false	30	0.05263157894736842	0.15789473684210525	0	SPORADIC	12.830272600525186	12.830272600525186		""
488729	Burkholderia metallica	Bacteria	Pseudomonadota	Betaproteobacteria	Burkholderiales	Burkholderiaceae	Burkholderia	Burkholderia metallica	Pseudomonadota|Betaproteobacteria|Burkholderiales|Burkholderiaceae|Burkholderia|Burkholderia metallica	1	3.0	3	3	1	false	33	0.05263157894736842	0.15789473684210525	0	SPORADIC	10.3882792507973	10.3882792507973		""
37637	Corynebacterium pseudodiphtheriticum	Bacteria	Actinomycetota	Actinomycetes	Mycobacteriales	Corynebacteriaceae	Corynebacterium	Corynebacterium pseudodiphtheriticum	Actinomycetota|Actinomycetes|Mycobacteriales|Corynebacteriaceae|Corynebacterium|Corynebacterium pseudodiphtheriticum	1	3.0	3	3	2	false	18	0.05263157894736842	0.15789473684210525	0	SPORADIC	16.671019655132174	16.671019655132174		""
358	Agrobacterium tumefaciens	Bacteria	Pseudomonadota	Alphaproteobacteria	Hyphomicrobiales	Rhizobiaceae	Agrobacterium	Agrobacterium tumefaciens	Pseudomonadota|Alphaproteobacteria|Hyphomicrobiales|Rhizobiaceae|Agrobacterium|Agrobacterium tumefaciens	1	3.0	3	3	2	false	33	0.05263157894736842	0.15789473684210525	0	SPORADIC	10.3882792507973	10.3882792507973		""
2864102	Pseudochrobactrum sp. Wa41.01b-1	Bacteria	Pseudomonadota	Alphaproteobacteria	Hyphomicrobiales	Brucellaceae	Pseudochrobactrum	Pseudochrobactrum sp. Wa41.01b-1	Pseudomonadota|Alphaproteobacteria|Hyphomicrobiales|Brucellaceae|Pseudochrobactrum|Pseudochrobactrum sp. Wa41.01b-1	1	3.0	3	3	2	false	33	0.05263157894736842	0.15789473684210525	0	SPORADIC	10.3882792507973	10.3882792507973		""
269660	Methylobacterium brachiatum	Bacteria	Pseudomonadota	Alphaproteobacteria	Hyphomicrobiales	Methylobacteriaceae	Methylobacterium	Methylobacterium brachiatum	Pseudomonadota|Alphaproteobacteria|Hyphomicrobiales|Methylobacteriaceae|Methylobacterium|Methylobacterium brachiatum	1	3.0	3	3	2	false	33	0.05263157894736842	0.15789473684210525	0	SPORADIC	10.3882792507973	10.3882792507973		""
303	Pseudomonas putida	Bacteria	Pseudomonadota	Gammaproteobacteria	Pseudomonadales	Pseudomonadaceae	Pseudomonas	Pseudomonas putida	Pseudomonadota|Gammaproteobacteria|Pseudomonadales|Pseudomonadaceae|Pseudomonas|Pseudomonas putida	1	3.0	3	3	2	false	25	0.05263157894736842	0.15789473684210525	0	SPORADIC	9.790803172220228	9.790803172220228		""
293	Brevundimonas diminuta	Bacteria	Pseudomonadota	Alphaproteobacteria	Caulobacterales	Caulobacteraceae	Brevundimonas	Brevundimonas diminuta	Pseudomonadota|Alphaproteobacteria|Caulobacterales|Caulobacteraceae|Brevundimonas|Brevundimonas diminuta	1	3.0	3	3	2	false	30	0.05263157894736842	0.15789473684210525	0	SPORADIC	12.830272600525186	12.830272600525186		""
45972	Staphylococcus pasteuri	Bacteria	Bacillota	Bacilli	Bacillales	Staphylococcaceae	Staphylococcus	Staphylococcus pasteuri	Bacillota|Bacilli|Bacillales|Staphylococcaceae|Staphylococcus|Staphylococcus pasteuri	1	3.0	3	3	2	false	18	0.05263157894736842	0.15789473684210525	0	SPORADIC	16.671019655132174	16.671019655132174		""
3376990	Brevibacterium sp. GP-SGM9	Bacteria	Actinomycetota	Actinomycetes	Micrococcales	Brevibacteriaceae	Brevibacterium	Brevibacterium sp. GP-SGM9	Actinomycetota|Actinomycetes|Micrococcales|Brevibacteriaceae|Brevibacterium|Brevibacterium sp. GP-SGM9	1	3.0	3	3	2	false	33	0.05263157894736842	0.15789473684210525	0	SPORADIC	10.3882792507973	10.3882792507973		""
1654	Actinomyces	Bacteria	Actinomycetota	Actinomycetes	Actinomycetales	Actinomycetaceae	Actinomyces	""	Actinomycetota|Actinomycetes|Actinomycetales|Actinomycetaceae|Actinomyces	1	3.0	3	3	2	false	33	0.05263157894736842	0.15789473684210525	0	SPORADIC	10.3882792507973	10.3882792507973		""
170573	Staphylococcus pettenkoferi	Bacteria	Bacillota	Bacilli	Bacillales	Staphylococcaceae	Staphylococcus	Staphylococcus pettenkoferi	Bacillota|Bacilli|Bacillales|Staphylococcaceae|Staphylococcus|Staphylococcus pettenkoferi	1	3.0	3	3	2	false	33	0.05263157894736842	0.15789473684210525	0	SPORADIC	10.3882792507973	10.3882792507973		""
1273	Micrococcus lylae	Bacteria	Actinomycetota	Actinomycetes	Micrococcales	Micrococcaceae	Micrococcus	Micrococcus lylae	Actinomycetota|Actinomycetes|Micrococcales|Micrococcaceae|Micrococcus|Micrococcus lylae	1	3.0	3	3	2	false	22	0.05263157894736842	0.15789473684210525	0	SPORADIC	36.871343591760485	36.871343591760485		""
1583331	Porphyromonas pasteri	Bacteria	Bacteroidota	Bacteroidia	Bacteroidales	Porphyromonadaceae	Porphyromonas	Porphyromonas pasteri	Bacteroidota|Bacteroidia|Bacteroidales|Porphyromonadaceae|Porphyromonas|Porphyromonas pasteri	1	3.0	3	3	2	false	17	0.05263157894736842	0.15789473684210525	0	SPORADIC	52.54676662229384	52.54676662229384		""
3034676	Rhodopseudomonas sp. BAL398	Bacteria	Pseudomonadota	Alphaproteobacteria	Hyphomicrobiales	Nitrobacteraceae	Rhodopseudomonas	Rhodopseudomonas sp. BAL398	Pseudomonadota|Alphaproteobacteria|Hyphomicrobiales|Nitrobacteraceae|Rhodopseudomonas|Rhodopseudomonas sp. BAL398	1	3.0	3	3	2	false	32	0.05263157894736842	0.15789473684210525	0	SPORADIC	15.342051027661716	15.342051027661716		""
3391424	Corynebacterium sp. LaCa117	Bacteria	Actinomycetota	Actinomycetes	Mycobacteriales	Corynebacteriaceae	Corynebacterium	Corynebacterium sp. LaCa117	Actinomycetota|Actinomycetes|Mycobacteriales|Corynebacteriaceae|Corynebacterium|Corynebacterium sp. LaCa117	1	3.0	3	3	2	false	17	0.05263157894736842	0.15789473684210525	0	SPORADIC	52.54676662229384	52.54676662229384		""
2838237	Leptospira sp. severe_002	Bacteria	Spirochaetota	Spirochaetia	Leptospirales	Leptospiraceae	Leptospira	Leptospira sp. severe_002	Spirochaetota|Spirochaetia|Leptospirales|Leptospiraceae|Leptospira|Leptospira sp. severe_002	1	3.0	3	3	2	false	16	0.05263157894736842	0.15789473684210525	0	SPORADIC	40.0576830636116	40.0576830636116		""
1272	Kocuria varians	Bacteria	Actinomycetota	Actinomycetes	Micrococcales	Micrococcaceae	Kocuria	Kocuria varians	Actinomycetota|Actinomycetes|Micrococcales|Micrococcaceae|Kocuria|Kocuria varians	1	3.0	3	3	1	false	18	0.05263157894736842	0.15789473684210525	0	SPORADIC	16.671019655132174	16.671019655132174		""
293958	Rhizobium lusitanum	Bacteria	Pseudomonadota	Alphaproteobacteria	Hyphomicrobiales	Rhizobiaceae	Rhizobium	Rhizobium lusitanum	Pseudomonadota|Alphaproteobacteria|Hyphomicrobiales|Rhizobiaceae|Rhizobium|Rhizobium lusitanum	1	3.0	3	3	2	false	33	0.05263157894736842	0.15789473684210525	0	SPORADIC	10.3882792507973	10.3882792507973		""
848	Fusobacterium	Bacteria	Fusobacteriota	Fusobacteriia	Fusobacteriales	Fusobacteriaceae	Fusobacterium	""	Fusobacteriota|Fusobacteriia|Fusobacteriales|Fusobacteriaceae|Fusobacterium	1	2.0	2	2	1	false	15	0.05263157894736842	0.10526315789473684	0	SPORADIC	28.31778215130191	28.31778215130191		""
33889	Brevibacterium casei	Bacteria	Actinomycetota	Actinomycetes	Micrococcales	Brevibacteriaceae	Brevibacterium	Brevibacterium casei	Actinomycetota|Actinomycetes|Micrococcales|Brevibacteriaceae|Brevibacterium|Brevibacterium casei	1	2.0	2	2	1	false	21	0.05263157894736842	0.10526315789473684	0	SPORADIC	14.084407856282702	14.084407856282702		""
401472	Corynebacterium ureicelerivorans	Bacteria	Actinomycetota	Actinomycetes	Mycobacteriales	Corynebacteriaceae	Corynebacterium	Corynebacterium ureicelerivorans	Actinomycetota|Actinomycetes|Mycobacteriales|Corynebacteriaceae|Corynebacterium|Corynebacterium ureicelerivorans	1	2.0	2	2	1	false	30	0.05263157894736842	0.10526315789473684	0	SPORADIC	8.553515067016791	8.553515067016791		""
47885	Pseudomonas oryzihabitans	Bacteria	Pseudomonadota	Gammaproteobacteria	Pseudomonadales	Pseudomonadaceae	Pseudomonas	Pseudomonas oryzihabitans	Pseudomonadota|Gammaproteobacteria|Pseudomonadales|Pseudomonadaceae|Pseudomonas|Pseudomonas oryzihabitans	1	2.0	2	2	1	false	29	0.05263157894736842	0.10526315789473684	0	SPORADIC	5.940623468433012	5.940623468433012		""
3158172	Burkholderia sp. LMG 21824	Bacteria	Pseudomonadota	Betaproteobacteria	Burkholderiales	Burkholderiaceae	Burkholderia	Burkholderia sp. LMG 21824	Pseudomonadota|Betaproteobacteria|Burkholderiales|Burkholderiaceae|Burkholderia|Burkholderia sp. LMG 21824	1	2.0	2	2	1	false	31	0.05263157894736842	0.10526315789473684	0	SPORADIC	9.69391464508155	9.69391464508155		""
3132211	Brevundimonas phoenicis	Bacteria	Pseudomonadota	Alphaproteobacteria	Caulobacterales	Caulobacteraceae	Brevundimonas	Brevundimonas phoenicis	Pseudomonadota|Alphaproteobacteria|Caulobacterales|Caulobacteraceae|Brevundimonas|Brevundimonas phoenicis	1	2.0	2	2	1	false	33	0.05263157894736842	0.10526315789473684	0	SPORADIC	6.925519500531533	6.925519500531533		""
2906062	Pseudomonas wenzhouensis	Bacteria	Pseudomonadota	Gammaproteobacteria	Pseudomonadales	Pseudomonadaceae	Pseudomonas	Pseudomonas wenzhouensis	Pseudomonadota|Gammaproteobacteria|Pseudomonadales|Pseudomonadaceae|Pseudomonas|Pseudomonas wenzhouensis	1	1.0	1	1	1	false	22	0.05263157894736842	0.05263157894736842	0	SPORADIC	12.29044786392016	12.29044786392016		""
4952	Yarrowia lipolytica	Eukaryota	Ascomycota	Dipodascomycetes	Dipodascales	""	Yarrowia	Yarrowia lipolytica	Ascomycota|Dipodascomycetes|Dipodascales|Yarrowia|Yarrowia lipolytica	1	1.0	1	1	1	false	29	0.05263157894736842	0.05263157894736842	0	SPORADIC	2.970311734216506	2.970311734216506		""
39777	Veillonella atypica	Bacteria	Bacillota	Negativicutes	Veillonellales	Veillonellaceae	Veillonella	Veillonella atypica	Bacillota|Negativicutes|Veillonellales|Veillonellaceae|Veillonella|Veillonella atypica	1	1.0	1	1	1	false	17	0.05263157894736842	0.05263157894736842	0	SPORADIC	17.515588874097947	17.515588874097947		""
3233487	Pseudomonas sp. S2_H01	Bacteria	Pseudomonadota	Gammaproteobacteria	Pseudomonadales	Pseudomonadaceae	Pseudomonas	Pseudomonas sp. S2_H01	Pseudomonadota|Gammaproteobacteria|Pseudomonadales|Pseudomonadaceae|Pseudomonas|Pseudomonas sp. S2_H01	1	1.0	1	1	1	false	23	0.05263157894736842	0.05263157894736842	0	SPORADIC	16.19302080803174	16.19302080803174		""
6198	Opisthorchis viverrini	Eukaryota	Platyhelminthes	Trematoda	Opisthorchiida	Opisthorchiidae	Opisthorchis	Opisthorchis viverrini	Platyhelminthes|Trematoda|Opisthorchiida|Opisthorchiidae|Opisthorchis|Opisthorchis viverrini	1	1.0	1	1	1	false	20	0.05263157894736842	0.05263157894736842	0	SPORADIC	13.035770153300657	13.035770153300657		""
172042	Rothia aeria	Bacteria	Actinomycetota	Actinomycetes	Micrococcales	Micrococcaceae	Rothia	Rothia aeria	Actinomycetota|Actinomycetes|Micrococcales|Micrococcaceae|Rothia|Rothia aeria	1	1.0	1	1	1	false	30	0.05263157894736842	0.05263157894736842	0	SPORADIC	4.276757533508396	4.276757533508396		""
314722	Pseudoxanthomonas suwonensis	Bacteria	Pseudomonadota	Gammaproteobacteria	Lysobacterales	Lysobacteraceae	Pseudoxanthomonas	Pseudoxanthomonas suwonensis	Pseudomonadota|Gammaproteobacteria|Lysobacterales|Lysobacteraceae|Pseudoxanthomonas|Pseudoxanthomonas suwonensis	1	1.0	1	1	1	false	22	0.05263157894736842	0.05263157894736842	0	SPORADIC	12.29044786392016	12.29044786392016		""
2759692	Streptococcus sp. Marseille-Q3533	Bacteria	Bacillota	Bacilli	Lactobacillales	Streptococcaceae	Streptococcus	Streptococcus sp. Marseille-Q3533	Bacillota|Bacilli|Lactobacillales|Streptococcaceae|Streptococcus|Streptococcus sp. Marseille-Q3533	1	1.0	1	1	1	false	29	0.05263157894736842	0.05263157894736842	0	SPORADIC	2.970311734216506	2.970311734216506		""
3115615	Anaerococcus martiniensis	Bacteria	Bacillota	Tissierellia	Tissierellales	Peptoniphilaceae	Anaerococcus	Anaerococcus martiniensis	Bacillota|Tissierellia|Tissierellales|Peptoniphilaceae|Anaerococcus|Anaerococcus martiniensis	1	1.0	1	1	1	false	17	0.05263157894736842	0.05263157894736842	0	SPORADIC	17.515588874097947	17.515588874097947		""
117187	Fusarium verticillioides	Eukaryota	Ascomycota	Sordariomycetes	Hypocreales	Nectriaceae	Fusarium	Fusarium verticillioides	Ascomycota|Sordariomycetes|Hypocreales|Nectriaceae|Fusarium|Fusarium verticillioides	1	1.0	1	1	1	false	30	0.05263157894736842	0.05263157894736842	0	SPORADIC	4.276757533508396	4.276757533508396		""
2703794	Serratia nevei	Bacteria	Pseudomonadota	Gammaproteobacteria	Enterobacterales	Yersiniaceae	Serratia	Serratia nevei	Pseudomonadota|Gammaproteobacteria|Enterobacterales|Yersiniaceae|Serratia|Serratia nevei	1	1.0	1	1	1	false	30	0.05263157894736842	0.05263157894736842	0	SPORADIC	4.276757533508396	4.276757533508396		""
502	Kingella denitrificans	Bacteria	Pseudomonadota	Betaproteobacteria	Neisseriales	Neisseriaceae	Kingella	Kingella denitrificans	Pseudomonadota|Betaproteobacteria|Neisseriales|Neisseriaceae|Kingella|Kingella denitrificans	1	1.0	1	1	1	false	15	0.05263157894736842	0.05263157894736842	0	SPORADIC	14.158891075650955	14.158891075650955		""
1276	Kytococcus sedentarius	Bacteria	Actinomycetota	Actinomycetes	Micrococcales	Kytococcaceae	Kytococcus	Kytococcus sedentarius	Actinomycetota|Actinomycetes|Micrococcales|Kytococcaceae|Kytococcus|Kytococcus sedentarius	1	1.0	1	1	1	false	21	0.05263157894736842	0.05263157894736842	0	SPORADIC	7.042203928141351	7.042203928141351		""
95486	Burkholderia cenocepacia	Bacteria	Pseudomonadota	Betaproteobacteria	Burkholderiales	Burkholderiaceae	Burkholderia	Burkholderia cenocepacia	Pseudomonadota|Betaproteobacteria|Burkholderiales|Burkholderiaceae|Burkholderia|Burkholderia cenocepacia	1	1.0	1	1	1	false	31	0.05263157894736842	0.05263157894736842	0	SPORADIC	4.846957322540775	4.846957322540775		""
1660	Schaalia odontolytica	Bacteria	Actinomycetota	Actinomycetes	Actinomycetales	Actinomycetaceae	Schaalia	Schaalia odontolytica	Actinomycetota|Actinomycetes|Actinomycetales|Actinomycetaceae|Schaalia|Schaalia odontolytica	1	1.0	1	1	1	false	20	0.05263157894736842	0.05263157894736842	0	SPORADIC	13.035770153300657	13.035770153300657		""
2857058	Mycobacterium sp. SMC-2	Bacteria	Actinomycetota	Actinomycetes	Mycobacteriales	Mycobacteriaceae	Mycobacterium	Mycobacterium sp. SMC-2	Actinomycetota|Actinomycetes|Mycobacteriales|Mycobacteriaceae|Mycobacterium|Mycobacterium sp. SMC-2	1	1.0	1	1	1	false	16	0.05263157894736842	0.05263157894736842	0	SPORADIC	13.352561021203867	13.352561021203867		""
3078084	Brevundimonas sp. S1H14	Bacteria	Pseudomonadota	Alphaproteobacteria	Caulobacterales	Caulobacteraceae	Brevundimonas	Brevundimonas sp. S1H14	Pseudomonadota|Alphaproteobacteria|Caulobacterales|Caulobacteraceae|Brevundimonas|Brevundimonas sp. S1H14	1	1.0	1	1	1	false	31	0.05263157894736842	0.05263157894736842	0	SPORADIC	4.846957322540775	4.846957322540775		""
1659	Actinomyces israelii	Bacteria	Actinomycetota	Actinomycetes	Actinomycetales	Actinomycetaceae	Actinomyces	Actinomyces israelii	Actinomycetota|Actinomycetes|Actinomycetales|Actinomycetaceae|Actinomyces|Actinomyces israelii	1	1.0	1	1	1	false	18	0.05263157894736842	0.05263157894736842	0	SPORADIC	5.5570065517107246	5.5570065517107246		""
33069	Pseudomonas viridiflava	Bacteria	Pseudomonadota	Gammaproteobacteria	Pseudomonadales	Pseudomonadaceae	Pseudomonas	Pseudomonas viridiflava	Pseudomonadota|Gammaproteobacteria|Pseudomonadales|Pseudomonadaceae|Pseudomonas|Pseudomonas viridiflava	1	1.0	1	1	1	false	15	0.05263157894736842	0.05263157894736842	0	SPORADIC	14.158891075650955	14.158891075650955		""
272952	Hyaloperonospora arabidopsidis	Eukaryota	Oomycota	Peronosporomycetes	Peronosporales	Peronosporaceae	Hyaloperonospora	Hyaloperonospora arabidopsidis	Oomycota|Peronosporomycetes|Peronosporales|Peronosporaceae|Hyaloperonospora|Hyaloperonospora arabidopsidis	1	1.0	1	1	1	false	18	0.05263157894736842	0.05263157894736842	0	SPORADIC	5.5570065517107246	5.5570065517107246		""
3036303	Peptoniphilus genitalis	Bacteria	Bacillota	Tissierellia	Tissierellales	Peptoniphilaceae	Peptoniphilus	Peptoniphilus genitalis	Bacillota|Tissierellia|Tissierellales|Peptoniphilaceae|Peptoniphilus|Peptoniphilus genitalis	1	1.0	1	1	1	false	15	0.05263157894736842	0.05263157894736842	0	SPORADIC	14.158891075650955	14.158891075650955		""
5059	Aspergillus flavus	Eukaryota	Ascomycota	Eurotiomycetes	Eurotiales	Aspergillaceae	Aspergillus	Aspergillus flavus	Ascomycota|Eurotiomycetes|Eurotiales|Aspergillaceae|Aspergillus|Aspergillus flavus	1	1.0	1	1	1	false	15	0.05263157894736842	0.05263157894736842	0	SPORADIC	14.158891075650955	14.158891075650955		""
5507	Fusarium oxysporum	Eukaryota	Ascomycota	Sordariomycetes	Hypocreales	Nectriaceae	Fusarium	Fusarium oxysporum	Ascomycota|Sordariomycetes|Hypocreales|Nectriaceae|Fusarium|Fusarium oxysporum	1	1.0	1	1	1	false	32	0.05263157894736842	0.05263157894736842	0	SPORADIC	5.114017009220572	5.114017009220572		""
10376	human gammaherpesvirus 4	Viruses	Peploviricota	Herviviricetes	Herpesvirales	Orthoherpesviridae	Lymphocryptovirus	Lymphocryptovirus humangamma4	Peploviricota|Herviviricetes|Herpesvirales|Orthoherpesviridae|Lymphocryptovirus|Lymphocryptovirus humangamma4	19	38309.47368421053	62778	727880	2	true	13,15,16,17,18,20,21,22,23,24,25,26,27,28,29,30,31,32,33	1.0	38309.47368421053	62778	UNIVERSAL_KIT	314754.50981958036	646552.9321095776	198377.07523033625	""
1758194	Achromobacter sp. AONIH1	Bacteria	Pseudomonadota	Betaproteobacteria	Burkholderiales	Alcaligenaceae	Achromobacter	Achromobacter sp. AONIH1	Pseudomonadota|Betaproteobacteria|Burkholderiales|Alcaligenaceae|Achromobacter|Achromobacter sp. AONIH1	19	487.7894736842105	2659	9268	1	true	13,15,16,17,18,20,21,22,23,24,25,26,27,28,29,30,31,32,33	1.0	487.7894736842105	2646	UNIVERSAL_KIT	1992.2998138464804	12557.483947207313	3871.1145623949383	27,28,29,30
10375	Lymphocryptovirus	Viruses	Peploviricota	Herviviricetes	Herpesvirales	Orthoherpesviridae	Lymphocryptovirus	""	Peploviricota|Herviviricetes|Herpesvirales|Orthoherpesviridae|Lymphocryptovirus	19	370.36842105263156	579	7037	2	true	13,15,16,17,18,20,21,22,23,24,25,26,27,28,29,30,31,32,33	1.0	370.36842105263156	579	UNIVERSAL_KIT	2971.6185634964013	5981.947337499333	1778.6662890912182	""
1747	Cutibacterium acnes	Bacteria	Actinomycetota	Actinomycetes	Propionibacteriales	Propionibacteriaceae	Cutibacterium	Cutibacterium acnes	Actinomycetota|Actinomycetes|Propionibacteriales|Propionibacteriaceae|Cutibacterium|Cutibacterium acnes	19	273.57894736842104	3116	5198	1	true	13,15,16,17,18,20,21,22,23,24,25,26,27,28,29,30,31,32,33	1.0	273.57894736842104	39	UNIVERSAL_KIT	1682.026001809102	13326.37647441216	3150.109856537101	""
40323	Stenotrophomonas	Bacteria	Pseudomonadota	Gammaproteobacteria	Lysobacterales	Lysobacteraceae	Stenotrophomonas	""	Pseudomonadota|Gammaproteobacteria|Lysobacterales|Lysobacteraceae|Stenotrophomonas	19	261.36842105263156	1330	4966	1	true	13,15,16,17,18,20,21,22,23,24,25,26,27,28,29,30,31,32,33	1.0	261.36842105263156	1330	UNIVERSAL_KIT	1216.8699081860714	6311.96283060685	1919.7752450571575	27,28,29,30
3050339	Lymphocryptovirus papiinegamma1	Viruses	Peploviricota	Herviviricetes	Herpesvirales	Orthoherpesviridae	Lymphocryptovirus	Lymphocryptovirus papiinegamma1	Peploviricota|Herviviricetes|Herpesvirales|Orthoherpesviridae|Lymphocryptovirus|Lymphocryptovirus papiinegamma1	19	138.73684210526315	215	2636	2	true	13,15,16,17,18,20,21,22,23,24,25,26,27,28,29,30,31,32,33	1.0	138.73684210526315	211	UNIVERSAL_KIT	1108.7713731741367	2323.345617689473	641.6787060794023	""
222	Achromobacter	Bacteria	Pseudomonadota	Betaproteobacteria	Burkholderiales	Alcaligenaceae	Achromobacter	""	Pseudomonadota|Betaproteobacteria|Burkholderiales|Alcaligenaceae|Achromobacter	19	111.0	603	2109	1	true	13,15,16,17,18,20,21,22,23,24,25,26,27,28,29,30,31,32,33	1.0	111.0	583	UNIVERSAL_KIT	478.7080747015852	2766.822804694582	821.61089701877	""
3050299	Lymphocryptovirus humangamma4	Viruses	Peploviricota	Herviviricetes	Herpesvirales	Orthoherpesviridae	Lymphocryptovirus	Lymphocryptovirus humangamma4	Peploviricota|Herviviricetes|Herpesvirales|Orthoherpesviridae|Lymphocryptovirus|Lymphocryptovirus humangamma4	19	97.21052631578948	163	1847	2	true	13,15,16,17,18,20,21,22,23,24,25,26,27,28,29,30,31,32,33	1.0	97.21052631578947	151	UNIVERSAL_KIT	796.6296331835277	1629.0124445868719	493.68948697606305	""
6210	Echinococcus granulosus	Eukaryota	Platyhelminthes	Cestoda	Cyclophyllidea	Taeniidae	Echinococcus	Echinococcus granulosus	Platyhelminthes|Cestoda|Cyclophyllidea|Taeniidae|Echinococcus|Echinococcus granulosus	19	89.10526315789474	256	1693	1	true	13,15,16,17,18,20,21,22,23,24,25,26,27,28,29,30,31,32,33	1.0	89.10526315789473	103	UNIVERSAL_KIT	729.1382413669158	2323.345617689473	653.0316472921618	""
6282	Onchocerca volvulus	Eukaryota	Nematoda	Chromadorea	Rhabditida	Onchocercidae	Onchocerca	Onchocerca volvulus	Nematoda|Chromadorea|Rhabditida|Onchocercidae|Onchocerca|Onchocerca volvulus	19	67.05263157894737	204	1274	1	true	13,15,16,17,18,20,21,22,23,24,25,26,27,28,29,30,31,32,33	1.0	67.05263157894737	83	UNIVERSAL_KIT	559.0636144773001	1709.127810714095	490.40890781635215	""
286	Pseudomonas	Bacteria	Pseudomonadota	Gammaproteobacteria	Pseudomonadales	Pseudomonadaceae	Pseudomonas	""	Pseudomonadota|Gammaproteobacteria|Pseudomonadales|Pseudomonadaceae|Pseudomonas	19	60.89473684210526	137	1157	1	true	13,15,16,17,18,20,21,22,23,24,25,26,27,28,29,30,31,32,33	1.0	60.89473684210526	39	UNIVERSAL_KIT	503.1790847825074	1488.8250542983255	393.17784945322956	""
1318	Streptococcus parasanguinis	Bacteria	Bacillota	Bacilli	Lactobacillales	Streptococcaceae	Streptococcus	Streptococcus parasanguinis	Bacillota|Bacilli|Lactobacillales|Streptococcaceae|Streptococcus|Streptococcus parasanguinis	19	58.89473684210526	116	1119	2	true	13,15,16,17,18,20,21,22,23,24,25,26,27,28,29,30,31,32,33	1.0	58.89473684210526	116	UNIVERSAL_KIT	489.94627628382153	1199.2908541036604	332.0045522088816	""
28087	Legionella sainthelensi	Bacteria	Pseudomonadota	Gammaproteobacteria	Legionellales	Legionellaceae	Legionella	Legionella sainthelensi	Pseudomonadota|Gammaproteobacteria|Legionellales|Legionellaceae|Legionella|Legionella sainthelensi	19	46.31578947368421	101	880	1	true	13,15,16,17,18,20,21,22,23,24,25,26,27,28,29,30,31,32,33	1.0	46.315789473684205	63	UNIVERSAL_KIT	375.6374880819633	834.289289811242	259.77172087995103	""
3050294	Varicellovirus humanalpha3	Viruses	Peploviricota	Herviviricetes	Herpesvirales	Orthoherpesviridae	Varicellovirus	Varicellovirus humanalpha3	Peploviricota|Herviviricetes|Herpesvirales|Orthoherpesviridae|Varicellovirus|Varicellovirus humanalpha3	19	26.105263157894736	56	496	2	true	13,15,16,17,18,20,21,22,23,24,25,26,27,28,29,30,31,32,33	1.0	26.105263157894736	35	UNIVERSAL_KIT	224.34377057961416	516.1988102846467	173.74789277160497	""
1774	Mycobacteroides chelonae	Bacteria	Actinomycetota	Actinomycetes	Mycobacteriales	Mycobacteriaceae	Mycobacteroides	Mycobacteroides chelonae	Actinomycetota|Actinomycetes|Mycobacteriales|Mycobacteriaceae|Mycobacteroides|Mycobacteroides chelonae	19	20.31578947368421	65	386	1	true	13,15,16,17,18,20,21,22,23,24,25,26,27,28,29,30,31,32,33	1.0	20.31578947368421	61	UNIVERSAL_KIT	121.04785509796007	289.49603959926156	69.79618197476937	""
670516	Mycobacteroides	Bacteria	Actinomycetota	Actinomycetes	Mycobacteriales	Mycobacteriaceae	Mycobacteroides	""	Actinomycetota|Actinomycetes|Mycobacteriales|Mycobacteriaceae|Mycobacteroides	19	18.842105263157894	65	358	1	true	13,15,16,17,18,20,21,22,23,24,25,26,27,28,29,30,31,32,33	1.0	18.842105263157894	65	UNIVERSAL_KIT	114.45590316568072	308.4793864582295	71.63084448191682	""
1279	Staphylococcus	Bacteria	Bacillota	Bacilli	Bacillales	Staphylococcaceae	Staphylococcus	""	Bacillota|Bacilli|Bacillales|Staphylococcaceae|Staphylococcus	19	18.63157894736842	75	354	1	true	13,15,16,17,18,20,21,22,23,24,25,26,27,28,29,30,31,32,33	1.0	18.63157894736842	16	UNIVERSAL_KIT	142.13925659376665	351.96579413911775	103.15009344315409	""
318479	Dracunculus medinensis	Eukaryota	Nematoda	Chromadorea	Rhabditida	Dracunculidae	Dracunculus	Dracunculus medinensis	Nematoda|Chromadorea|Rhabditida|Dracunculidae|Dracunculus|Dracunculus medinensis	19	16.05263157894737	51	305	1	true	13,15,16,17,18,20,21,22,23,24,25,26,27,28,29,30,31,32,33	1.0	16.052631578947366	20	UNIVERSAL_KIT	130.43215137879545	413.92939165731985	117.85563887367846	""
76775	Malassezia restricta	Eukaryota	Basidiomycota	Malasseziomycetes	Malasseziales	Malasseziaceae	Malassezia	Malassezia restricta	Basidiomycota|Malasseziomycetes|Malasseziales|Malasseziaceae|Malassezia|Malassezia restricta	19	11.947368421052632	94	227	1	true	13,15,16,17,18,20,21,22,23,24,25,26,27,28,29,30,31,32,33	1.0	11.94736842105263	2	UNIVERSAL_KIT	83.59733391278515	402.01520814978915	100.08734736112622	""
6192	Fasciola hepatica	Eukaryota	Platyhelminthes	Trematoda	Plagiorchiida	Fasciolidae	Fasciola	Fasciola hepatica	Platyhelminthes|Trematoda|Plagiorchiida|Fasciolidae|Fasciola|Fasciola hepatica	19	8.842105263157896	21	168	1	true	13,15,16,17,18,20,21,22,23,24,25,26,27,28,29,30,31,32,33	1.0	8.842105263157894	12	UNIVERSAL_KIT	68.1081113153879	143.3934716863072	40.03635235254234	""
3050314	Lymphocryptovirus macacinegamma4	Viruses	Peploviricota	Herviviricetes	Herpesvirales	Orthoherpesviridae	Lymphocryptovirus	Lymphocryptovirus macacinegamma4	Peploviricota|Herviviricetes|Herpesvirales|Orthoherpesviridae|Lymphocryptovirus|Lymphocryptovirus macacinegamma4	18	5.611111111111111	10	101	2	true	15,16,17,18,20,21,22,23,24,25,26,27,28,29,30,31,32,33	0.9473684210526315	5.315789473684211	7	UNIVERSAL_KIT	44.36495663613116	122.60912211868563	33.489262374398606	""
40324	Stenotrophomonas maltophilia	Bacteria	Pseudomonadota	Gammaproteobacteria	Lysobacterales	Lysobacteraceae	Stenotrophomonas	Stenotrophomonas maltophilia	Pseudomonadota|Gammaproteobacteria|Lysobacterales|Lysobacteraceae|Stenotrophomonas|Stenotrophomonas maltophilia	17	228.0	1121	3876	1	true	15,16,17,18,20,21,22,23,24,26,27,28,29,30,31,32,33	0.894736842105263	204.0	1066	UNIVERSAL_KIT	965.9092887826288	5059.061937914964	1607.6628895587319	27,28,29,30
469	Acinetobacter	Bacteria	Pseudomonadota	Gammaproteobacteria	Moraxellales	Moraxellaceae	Acinetobacter	""	Pseudomonadota|Gammaproteobacteria|Moraxellales|Moraxellaceae|Acinetobacter	17	19.529411764705884	59	332	1	false	13,15,16,17,18,20,22,23,24,25,26,27,29,30,31,32,33	0.894736842105263	17.473684210526315	0	UNIVERSAL_KIT	161.6915390648421	566.3556430260381	157.87209600203732	""
1716	Corynebacterium	Bacteria	Actinomycetota	Actinomycetes	Mycobacteriales	Corynebacteriaceae	Corynebacterium	""	Actinomycetota|Actinomycetes|Mycobacteriales|Corynebacteriaceae|Corynebacterium	17	14.941176470588236	91	254	1	false	13,15,16,17,18,20,21,22,23,24,25,26,29,30,31,32,33	0.894736842105263	13.368421052631579	0	UNIVERSAL_KIT	109.90272383066585	389.18493554926397	112.56873675092584	""
1827	Rhodococcus	Bacteria	Actinomycetota	Actinomycetes	Mycobacteriales	Nocardiaceae	Rhodococcus	""	Actinomycetota|Actinomycetes|Mycobacteriales|Nocardiaceae|Rhodococcus	17	14.705882352941176	32	250	1	true	13,15,16,17,18,20,21,22,23,24,26,28,29,30,31,32,33	0.894736842105263	13.157894736842104	8	UNIVERSAL_KIT	138.04308124395644	365.0015642924184	109.15743424727373	""
6293	Wuchereria bancrofti	Eukaryota	Nematoda	Chromadorea	Rhabditida	Onchocercidae	Wuchereria	Wuchereria bancrofti	Nematoda|Chromadorea|Rhabditida|Onchocercidae|Wuchereria|Wuchereria bancrofti	17	2.8823529411764706	7	49	1	true	13,15,16,17,18,20,21,22,23,24,25,26,27,28,29,31,33	0.894736842105263	2.5789473684210527	5	UNIVERSAL_KIT	24.94475233187848	93.46792714842708	22.30870127356615	""
1282	Staphylococcus epidermidis	Bacteria	Bacillota	Bacilli	Bacillales	Staphylococcaceae	Staphylococcus	Staphylococcus epidermidis	Bacillota|Bacilli|Bacillales|Staphylococcaceae|Staphylococcus|Staphylococcus epidermidis	16	10.6875	61	171	1	false	13,15,16,17,18,20,21,22,23,24,27,29,30,31,32,33	0.8421052631578947	9.0	0	UNIVERSAL_KIT	88.50867703052339	297.7650108596651	91.18988175438115	""
34062	Faucicola osloensis	Bacteria	Pseudomonadota	Gammaproteobacteria	Moraxellales	Moraxellaceae	Faucicola	Faucicola osloensis	Pseudomonadota|Gammaproteobacteria|Moraxellales|Moraxellaceae|Faucicola|Faucicola osloensis	16	10.0	22	160	1	true	13,15,17,18,20,21,22,23,24,25,26,28,29,30,31,33	0.8421052631578947	8.421052631578947	3	UNIVERSAL_KIT	72.50503705785019	184.0655839834624	44.91594413681531	""
39483	Faecalitalea cylindroides	Bacteria	Bacillota	Erysipelotrichia	Erysipelotrichales	Erysipelotrichaceae	Faecalitalea	Faecalitalea cylindroides	Bacillota|Erysipelotrichia|Erysipelotrichales|Erysipelotrichaceae|Faecalitalea|Faecalitalea cylindroides	16	5.3125	10	85	2	true	13,16,17,18,20,21,22,23,26,27,28,29,30,31,32,33	0.8421052631578947	4.473684210526316	6	UNIVERSAL_KIT	41.3916665535358	87.57794437048973	23.70123322744585	""
51028	Enterobius vermicularis	Eukaryota	Nematoda	Chromadorea	Rhabditida	Oxyuridae	Enterobius	Enterobius vermicularis	Nematoda|Chromadorea|Rhabditida|Oxyuridae|Enterobius|Enterobius vermicularis	16	2.5625	7	41	1	true	13,15,16,17,18,21,22,24,25,26,27,28,29,31,32,33	0.8421052631578947	2.1578947368421053	1	UNIVERSAL_KIT	21.46462361884191	52.54676662229384	17.48912666192043	""
80865	Delftia	Bacteria	Pseudomonadota	Betaproteobacteria	Burkholderiales	Comamonadaceae	Delftia	""	Pseudomonadota|Betaproteobacteria|Burkholderiales|Comamonadaceae|Delftia	15	63.0	182	945	1	true	13,16,20,21,22,23,24,25,26,27,28,29,30,32,33	0.7894736842105263	49.73684210526316	166	UNIVERSAL_KIT	371.43306614598663	874.4231236337139	289.4019705953553	""
1528099	Lawsonella clevelandensis	Bacteria	Actinomycetota	Actinomycetes	Mycobacteriales	Lawsonellaceae	Lawsonella	Lawsonella clevelandensis	Actinomycetota|Actinomycetes|Mycobacteriales|Lawsonellaceae|Lawsonella|Lawsonella clevelandensis	15	36.8	319	552	1	true	13,15,16,17,18,20,21,22,25,26,28,30,31,32,33	0.7894736842105263	29.052631578947366	4	UNIVERSAL_KIT	233.40387335839344	1364.2856531891782	392.0435553984597	""
287	Pseudomonas aeruginosa	Bacteria	Pseudomonadota	Gammaproteobacteria	Pseudomonadales	Pseudomonadaceae	Pseudomonas	Pseudomonas aeruginosa	Pseudomonadota|Gammaproteobacteria|Pseudomonadales|Pseudomonadaceae|Pseudomonas|Pseudomonas aeruginosa	15	7.4	14	111	2	true	13,15,16,17,18,20,21,22,25,27,28,29,30,31,33	0.7894736842105263	5.842105263157895	6	UNIVERSAL_KIT	57.64891759221546	245.21824423737127	56.28631419444599	""
444103	Streptomyces sp. CNQ-509	Bacteria	Actinomycetota	Actinomycetes	Kitasatosporales	Streptomycetaceae	Streptomyces	Streptomyces sp. CNQ-509	Actinomycetota|Actinomycetes|Kitasatosporales|Streptomycetaceae|Streptomyces|Streptomyces sp. CNQ-509	15	4.2	7	63	2	true	15,17,18,21,22,23,24,25,26,27,28,29,30,32,33	0.7894736842105263	3.31578947368421	6	UNIVERSAL_KIT	30.744131441805397	70.79445537825477	19.426515471419354	""
